CCS PCH C Compiler, Version 5.109, 43599               10-May-26 19:39

               Filename:   C:\TTVXL\Thuc Hanh\BAI_313_TONGHOP_32LED.lst

               ROM used:   1272 bytes (1%)
                           Largest free fragment is 65536
               RAM used:   36 (1%) at main() level
                           56 (1%) worst case
               Stack used: 0 locations
               Stack size: 31

*
00000:  GOTO   0446
.................... //!#define   board    D501     // Co dong nay thi chay that. Bo dong nay thi mo phong
.................... #include<tv_boards.c>
.................... #ifndef    __TV_BOARDS_C__
.................... #define    __TV_BOARDS_C__
.................... #define    D401          1
.................... #define    D501          2
.................... #define    D503          3
.................... #define    MOPHONG       4
.................... #ifndef    BOARD
.................... #define    BOARD         MOPHONG
.................... #endif
.................... #if  BOARD ==  D401
.................... #include <TV_D401_TH.C>
.................... 
.................... #elif  BOARD ==  D501
.................... #include <TV_D501_TH.C>
....................  
.................... #elif  BOARD ==  D503
.................... #include <TV_D501_TH.C>
.................... 
.................... #else 
.................... #include <TV_MOPHONG.C>
.................... #ifndef    __TV_MOPHONG_C__
.................... #define    __TV_MOPHONG_C__
.................... #include<TV_MOPHONG.h>
.................... #ifndef    __TV_MOPHONG_H__
.................... #define    __TV_MOPHONG_H__
.................... #include    <18f6722.h>
.................... //////////// Standard Header file for the PIC18F6722 device ////////////////
.................... ///////////////////////////////////////////////////////////////////////////
.................... ////        (C) Copyright 1996, 2020 Custom Computer Services          ////
.................... //// This source code may only be used by licensed users of the CCS C  ////
.................... //// compiler.  This source code may only be distributed to other      ////
.................... //// licensed users of the CCS C compiler.  No other use, reproduction ////
.................... //// or distribution is permitted without written permission.          ////
.................... //// Derivative programs created using this software in object code    ////
.................... //// form are not restricted in any way.                               ////
.................... ///////////////////////////////////////////////////////////////////////////
.................... #device PIC18F6722
.................... 
.................... #list
.................... 
.................... #device     adc =10
.................... #fuses      hs,PUT, NOWDT
.................... #use        delay(clock=20M)
00004:  CLRF   FEA
00006:  MOVLW  26
00008:  MOVWF  FE9
0000A:  MOVF   FEF,W
0000C:  BTFSC  FD8.2
0000E:  GOTO   002C
00012:  MOVLW  06
00014:  MOVWF  01
00016:  CLRF   00
00018:  DECFSZ 00,F
0001A:  BRA    0018
0001C:  DECFSZ 01,F
0001E:  BRA    0016
00020:  MOVLW  7B
00022:  MOVWF  00
00024:  DECFSZ 00,F
00026:  BRA    0024
00028:  DECFSZ FEF,F
0002A:  BRA    0012
0002C:  RETURN 0
.................... #USE        SPI(SPI2,STREAM = SPI_2,baud=5000000)
.................... #include    <math.h>
.................... ////////////////////////////////////////////////////////////////////////////
.................... ////        (C) Copyright 1996,2011 Custom Computer Services            ////
.................... //// This source code may only be used by licensed users of the CCS C   ////
.................... //// compiler.  This source code may only be distributed to other       ////
.................... //// licensed users of the CCS C compiler.  No other use, reproduction  ////
.................... //// or distribution is permitted without written permission.           ////
.................... //// Derivative programs created using this software in object code     ////
.................... //// form are not restricted in any way.                                ////
.................... ////////////////////////////////////////////////////////////////////////////
.................... ////                                                                    ////
.................... //// History:                                                           ////
.................... ////  * 9/20/2001 :  Improvments are made to sin/cos code.              ////
.................... ////                 The code now is small, much faster,                ////
.................... ////                 and more accurate.                                 ////
.................... ////  * 2/21/2007 :  Compiler handles & operator differently and does   ////
.................... ////                 not return generic (int8 *) so type cast is done   ////
.................... ////  * 6/19/2010 :  Divisions by constants converted to multiplication ////
.................... ////                 by its inverse to improve computation speed        ////
.................... ////  * 1/21/2011 :  Constants used for double precision math updated   ////
.................... ////                 Updated routines include 64 bit versions of cos,   ////
.................... ////                 asin,atan,exp,log and dependant functions          ////
.................... ////  * 1/31/2011 :  Optimized current 32-bit float routines for cos    ////
.................... ////                 and log function                                   ////
.................... ////  * 6/13/2011 :  Fixed PCD overload CEIL_FLOOR functions for values ////
.................... ////                 greater then 10000000 and less then -10000000      ////
.................... ////                                                                    ////
.................... ////////////////////////////////////////////////////////////////////////////
.................... 
.................... #ifndef MATH_H
.................... #define MATH_H
.................... 
.................... #ifdef PI
.................... #undef  PI
.................... #endif
.................... #define PI     3.1415926535897932
.................... 
.................... 
.................... #define SQRT2  1.4142135623730950
.................... 
.................... //float const ps[4] = {5.9304945, 21.125224, 8.9403076, 0.29730279};
.................... //float const qs[4] = {1.0000000, 15.035723, 17.764134, 2.4934718};
.................... 
.................... ///////////////////////////// Round Functions //////////////////////////////
.................... 
.................... float32 CEIL_FLOOR(float32 x, unsigned int8 n)
.................... {
....................    float32 y, res;
....................    unsigned int16 l;
....................    int1 s;
.................... 
....................    s = 0;
....................    y = x;
.................... 
....................    if (x < 0)
....................    {
....................       s = 1;
....................       y = -y;
....................    }
.................... 
....................    if (y <= 32768.0)
....................       res = (float32)(unsigned int16)y;
.................... 
....................  else if (y < 10000000.0)
....................    { 
....................       l = (unsigned int16)(y*0.000030517578125);
....................       y = 32768.0*(y*0.000030517578125 - (float32)l);
....................       res = 32768.0*(float32)l;
....................       res += (float32)(unsigned int16)y;
....................    }
.................... 
....................  else
....................   res = y;
.................... 
....................  y = y - (float32)(unsigned int16)y;
.................... 
....................  if (s)
....................   res = -res;
.................... 
....................  if (y != 0)
....................  {
....................   if (s == 1 && n == 0)
....................    res -= 1.0;
.................... 
....................   if (s == 0 && n == 1)
....................    res += 1.0;
....................  }
....................  if (x == 0)
....................     res = 0;
.................... 
....................  return (res);
.................... }
.................... 
.................... // Overloaded Functions to take care for new Data types in PCD
.................... // Overloaded function CEIL_FLOOR() for data type - Float48
.................... #if defined(__PCD__)
.................... float48 CEIL_FLOOR(float48 x, unsigned int8 n)
.................... {
....................    float48 y, res;
....................    unsigned int32 l;
....................    int1 s;
.................... 
....................    s = 0;
....................    y = x;
.................... 
....................    if (x < 0)
....................    {
....................       s = 1;
....................       y = -y;
....................    }
.................... 
....................    if (y <= 32768.0)
....................       res = (float48)(unsigned int16)y;
.................... 
....................    else if (y < 549755813888.0)
....................    {
....................       l = (unsigned int32)(y*0.000030517578125);
....................       y = 32768.0*(y*0.000030517578125 - (float48)l);
....................       res = 32768.0*(float48)l;
....................       res += (float48)(unsigned int16)y;
....................    }
....................    else
....................    {  
....................       res = y;
....................       y = 0.0;
....................    }
....................    
....................    if(y != 0)
....................       y = y - (float48)(unsigned int16)y;
.................... 
....................    if (s)
....................       res = -res;
.................... 
....................    if (y != 0)
....................    {
....................       if (s == 1 && n == 0)
....................          res -= 1.0;
.................... 
....................       if (s == 0 && n == 1)
....................          res += 1.0;
....................    }
....................    if (x == 0)
....................       res = 0;
.................... 
....................    return (res);
.................... }
.................... 
.................... 
.................... // Overloaded function CEIL_FLOOR() for data type - Float64
.................... float64 CEIL_FLOOR(float64 x, unsigned int8 n)
.................... {
....................    float64 y, res;
....................    int64 l;
....................    int1 s;
.................... 
....................    s = 0;
....................    y = x;
.................... 
....................    if (x < 0)
....................    {
....................       s = 1;
....................       y = -y;
....................    }
.................... 
....................    if (y <= 32768.0)
....................       res = (float64)(unsigned int16)y;
....................    else if (y < 4503599627370496.0)
....................    {
....................       l = (int64)(y*0.000030517578125);
....................       y = 32768.0*(y*0.000030517578125 - (float64)l);
....................       res = 32768.0*(float64)l;
....................       res += (float64)(unsigned int16)y;
....................    }
....................    else
....................    {
....................       res = y;
....................       y = 0.0;
....................    }
....................    
....................    if(y != 0)
....................       y = y - (float64)(unsigned int16)y;
.................... 
....................    if (s)
....................       res = -res;
.................... 
....................    if (y != 0)
....................    {
....................       if (s == 1 && n == 0)
....................          res -= 1.0;
.................... 
....................       if (s == 0 && n == 1)
....................          res += 1.0;
....................    }
....................    
....................    if (x == 0)
....................       res = 0;
.................... 
....................    return (res);
.................... }
.................... #endif
.................... 
.................... ////////////////////////////////////////////////////////////////////////////
.................... //   float floor(float x)
.................... ////////////////////////////////////////////////////////////////////////////
.................... // Description : rounds down the number x.
.................... // Date : N/A
.................... //
.................... float32 floor(float32 x)
.................... {
....................    return CEIL_FLOOR(x,0);
.................... }
.................... // Following 2 functions are overloaded functions of floor() for PCD
.................... // Overloaded function floor() for data type - Float48
.................... #if defined(__PCD__)
.................... float48 floor(float48 x)
.................... {
....................    return CEIL_FLOOR(x, 0);
.................... }
.................... 
.................... // Overloaded function floor() for data type - Float64
.................... float64 floor(float64 x)
.................... {
....................    return CEIL_FLOOR(x, 0);
.................... }
.................... #endif
.................... 
.................... 
.................... ////////////////////////////////////////////////////////////////////////////
.................... //   float ceil(float x)
.................... ////////////////////////////////////////////////////////////////////////////
.................... // Description : rounds up the number x.
.................... // Date : N/A
.................... //
.................... float32 ceil(float32 x)
.................... {
....................    return CEIL_FLOOR(x, 1);
.................... }
.................... // Following 2 functions are overloaded functions of ceil() for PCD
.................... // Overloaded function ceil() for data type - Float48
.................... #if defined(__PCD__)
.................... float48 ceil(float48 x)
.................... {
....................    return CEIL_FLOOR(x, 1);
.................... }
.................... 
.................... // Overloaded function ceil() for data type - Float64
.................... float64 ceil(float64 x)
.................... {
....................    return CEIL_FLOOR(x, 1);
.................... }
.................... #endif
.................... 
....................  ////////////////////////////////////////////////////////////////////////////
.................... //   float fabs(float x)
.................... ////////////////////////////////////////////////////////////////////////////
.................... // Description : Computes the absolute value of floating point number x
.................... // Returns : returns the absolute value of x
.................... // Date : N/A
.................... //
.................... #define fabs abs
.................... 
.................... ////////////////////////////////////////////////////////////////////////////
.................... //   float fmod(float x)
.................... ////////////////////////////////////////////////////////////////////////////
.................... // Description : Computes the floating point remainder of x/y
.................... // Returns : returns the value of x= i*y, for some integer i such that, if y
.................... // is non zero, the result has the same isgn of x na dmagnitude less than the
.................... // magnitude of y. If y is zero then a domain error occurs.
.................... // Date : N/A
.................... //
.................... 
.................... float fmod(float32 x,float32 y)
.................... {
....................    float32 i;
....................    if (y!=0.0)
....................    {
....................       i=(x/y < 0.0)? ceil(x/y): floor(x/y);
....................       return(x-(i*y));
....................    }
....................    else
....................    {
....................    #ifdef _ERRNO
....................    {
....................       errno=EDOM;
....................    }
....................    #endif
....................    }
.................... }
.................... //Overloaded function for fmod() for PCD
.................... // Overloaded function fmod() for data type - Float48
.................... #if defined(__PCD__)
.................... float48 fmod(float48 x,float48 y)
.................... {
....................    float48 i;
....................    if (y!=0.0)
....................    {
....................       i=(x/y < 0.0)? ceil(x/y): floor(x/y);
....................       return(x-(i*y));
....................    }
....................    else
....................    {
....................    #ifdef _ERRNO
....................    {
....................       errno=EDOM;
....................    }
....................    #endif
....................    }
.................... }
.................... // Overloaded function fmod() for data type - Float64
.................... float64 fmod(float64 x,float64 y)
.................... {
....................    float64 i;
....................    if (y!=0.0)
....................    {
....................       i=(x/y < 0.0)? ceil(x/y): floor(x/y);
....................       return(x-(i*y));
....................    }
....................    else
....................    {
....................    #ifdef _ERRNO
....................    {
....................       errno=EDOM;
....................    }
....................    #endif
....................    }
.................... }
.................... #endif
.................... //////////////////// Exponential and logarithmic functions ////////////////////
.................... ////////////////////////////////////////////////////////////////////////////
.................... //   float exp(float x)
.................... ////////////////////////////////////////////////////////////////////////////
.................... // Description : returns the value (e^x)
.................... // Date : N/A
.................... //
.................... #define LN2 0.6931471805599453
.................... #define LN2_INV 1.4426950408889634073
.................... 
.................... float const pe[6] = {0.000207455774, 0.00127100575, 0.00965065093,
....................                      0.0554965651,  0.240227138,  0.693147172};
.................... 
.................... 
.................... float32 exp(float32 x)
.................... {
....................    float32 y, res, r;
....................    #if defined(__PCD__)
....................    int8 data1;
....................    #endif
....................    signed int8 n;
....................    int1 s;
....................    #ifdef _ERRNO
....................    if(x > 88.722838)
....................    {
....................       errno=ERANGE;
....................       return(0);
....................    }
....................    #endif
....................    n = (signed int16)(x*LN2_INV);
....................    s = 0;
....................    y = x;
.................... 
....................    if (x < 0)
....................    {
....................       s = 1;
....................       n = -n;
....................       y = -y;
....................    }
.................... 
....................    res = 0.0;
.................... #if !defined(__PCD__)
....................    *((unsigned int8 *)(&res)) = n + 0x7F;
.................... #endif
.................... 
.................... #if defined(__PCD__)  // Takes care of IEEE format for PCD
....................    data1 = n+0x7F;
....................    if(bit_test(data1,0))
....................    bit_set(*(((unsigned int8 *)(&res)+2)),7);
....................    rotate_right(&data1,1);
....................    bit_clear(data1,7);
....................    *(((unsigned int8 *)(&res)+3)) = data1;
.................... #endif
.................... 
....................    y = y*LN2_INV - (float32)n;
.................... 
....................    r = pe[0]*y + pe[1];
....................    r = r*y + pe[2];
....................    r = r*y + pe[3];
....................    r = r*y + pe[4];
....................    r = r*y + pe[5];
.................... 
....................    res = res*(1.0 + y*r);
.................... 
....................    if (s)
....................       res = 1.0/res;
....................    return(res);
.................... }
.................... 
.................... 
.................... //Overloaded function for exp() for PCD
.................... // Overloaded function exp() for data type - Float48
.................... #if defined(__PCD__)
.................... float48 exp(float48 x)
.................... {
....................    float48 y, res, r;
....................    int8 data1;
....................    signed int8 n;
....................    int1 s;
....................    #ifdef _ERRNO
....................    if(x > 88.722838)
....................    {
....................       errno=ERANGE;
....................       return(0);
....................    }
....................    #endif
....................    n = (signed int16)(x*LN2_INV);
....................    s = 0;
....................    y = x;
.................... 
....................    if (x < 0)
....................    {
....................       s = 1;
....................       n = -n;
....................       y = -y;
....................    }
.................... 
....................    res = 0.0;
.................... 
....................    data1 = n+0x7F;
....................    if(bit_test(data1,0))
....................    bit_set(*(((unsigned int8 *)(&res)+4)),7);
....................    rotate_right(&data1,1);
....................    bit_clear(data1,7);
....................    *(((unsigned int8 *)(&res)+5)) = data1;
.................... 
....................    y = y*LN2_INV - (float48)n;
.................... 
....................    r = pe[0]*y + pe[1];
....................    r = r*y + pe[2];
....................    r = r*y + pe[3];
....................    r = r*y + pe[4];
....................    r = r*y + pe[5];
.................... 
....................    res = res*(1.0 + y*r);
.................... 
....................    if (s)
....................       res = 1.0/res;
....................    return(res);
.................... }
.................... 
.................... // Overloaded function exp() for data type - Float64
.................... float64 const pe_64[12] ={9.30741400474913e-011,-4.28655416283316e-011,
....................                           8.71486547014137e-009,9.84458531538385e-008,
....................                           1.32588296983536e-006,1.52489283823016e-005,
....................                           0.000154037598423921,0.00133335487036216,
....................                           0.00961812936407326,0.0555041086222122,
....................                           0.240226506962827,0.693147180559823};
.................... 
.................... float64 exp(float64 x)
.................... {
....................    float64 y, res, r;
....................    unsigned int16 data1, data2;
....................    unsigned int16 *p;
....................    signed int16 n;
....................    int1 s;
....................    #ifdef _ERRNO
....................    if(x > 709.7827128)
....................    {
....................       errno=ERANGE;
....................       return(0);
....................    }
....................    #endif
....................    y = x*LN2_INV;
....................    n = (signed int16)y;
....................    s = 0;
....................    y = x;
.................... 
....................    if (x < 0)
....................    {
....................       s = 1;
....................       n = -n;
....................       y = -y;
....................    }
.................... 
....................    res = 0.0;
.................... 
.................... #if !defined(__PCD__)
....................    *((unsigned int16 *)(&res)) = n + 0x7F;
.................... #endif
....................    p= (((unsigned int16 *)(&res))+3);
....................    data1 = *p;
....................    data2 = *p;   
....................    data1 = n + 0x3FF;
....................    data1 = data1 <<4;
....................    if(bit_test(data2,15))
....................    bit_set(data1,15);
....................    data2 = data2 & 0x000F;
....................    data1 ^= data2;
.................... 
....................    *(((unsigned int16 *)(&res)+3)) = data1;
.................... 
.................... 
....................    y = y*LN2_INV - (float64)n;
.................... 
....................    r = pe_64[0]*y + pe_64[1];
....................    r = r*y + pe_64[2];
....................    r = r*y + pe_64[3];
....................    r = r*y + pe_64[4];
....................    r = r*y + pe_64[5];
....................    r = r*y + pe_64[6];
....................    r = r*y + pe_64[7];
....................    r = r*y + pe_64[8];
....................    r = r*y + pe_64[9];
....................    r = r*y + pe_64[10];
....................    r = r*y + pe_64[11];
....................    
....................    res = res*(1.0 + y*r);
.................... 
....................    if (s)
....................       res = 1.0/res;
....................    return(res);
.................... }
.................... #ENDIF
.................... 
.................... 
.................... /************************************************************/
.................... 
.................... float32 const pl[4] = {-1.080310025160955, 1.999999947089217};
.................... float32 const ql[4] = {0.091284365719509, -0.873491916557671};
.................... 
.................... ////////////////////////////////////////////////////////////////////////////
.................... //   float log(float x)
.................... ////////////////////////////////////////////////////////////////////////////
.................... // Description : returns the the natural log of x
.................... // Date : N/A
.................... //
.................... float32 log(float32 x)
.................... {
....................    float32 y, res, r, y2;
....................    #if defined(__PCD__)
....................    unsigned int8  data1,data2;
....................    #endif
....................    signed int8 n;
....................    #ifdef _ERRNO
....................    if(x <0)
....................    {
....................       errno=EDOM;
....................    }
....................    if(x ==0)
....................    {
....................       errno=ERANGE;
....................       return(0);
....................    }
....................    #endif
....................    y = x;
.................... 
....................    if (y != 1.0)
....................    {
.................... #if !defined(__PCD__)
....................     *((unsigned int8 *)(&y)) = 0x7E; 
.................... #endif
.................... 
.................... #if defined(__PCD__) // Takes care of IEEE format
....................    data2 = *(((unsigned int8 *)(&y))+3);
....................    *(((unsigned int8 *)(&y))+3) = 0x3F;
....................    data1 = *(((unsigned int8 *)(&y))+2);
....................    bit_clear(data1,7);
....................    *(((unsigned int8 *)(&y))+2) = data1;
....................    if(bit_test(data2,7))
....................      bit_set(*(((unsigned int8 *)(&y))+3),7);
.................... #endif
.................... 
....................       y = (y - 1.0)/(y + 1.0);
.................... 
....................       y2=y*y;
.................... 
....................       res = pl[0]*y2 + pl[1];
.................... 
....................       r = ql[0]*y2 + ql[1];
....................       r = r*y2 + 1.0;
.................... 
....................       res = y*res/r;
.................... #if !defined(__PCD__)
....................       n = *((unsigned int8 *)(&x)) - 0x7E;
.................... #endif
.................... #if defined(__PCD__) 
....................     data1 = *(((unsigned int8 *)(&x)+3));
....................     rotate_left(&data1,1);
....................     data2 = *(((unsigned int8 *)(&x)+2));
....................     if(bit_test (data2,7))
....................       bit_set(data1,0);
....................     n = data1 - 0x7E;
.................... #endif
.................... 
....................       if (n<0) 
....................          r = -(float32)-n;
....................       else
....................          r = (float32)n;
.................... 
....................       res += r*LN2;
....................    }
.................... 
....................    else
....................       res = 0.0;
.................... 
....................    return(res);
.................... }
.................... 
.................... //Overloaded function for log() for PCD
.................... // Overloaded function log() for data type - Float48
.................... #if defined(__PCD__)
.................... // Overloaded function log() for data type - float64
.................... float64 const pl_64[4] = {-0.145694052150681, 1.365485300000370,
....................                           -3.120535668274329, 2.000000000000000};
.................... 
.................... float64 const ql_64[4] = {0.006047500465908, -0.208298281937234,
....................                           1.113943039156721, -1.893601167470470};
.................... 
.................... float48 log(float48 x)
.................... {
....................    float48 y, res, r, y2;
....................    unsigned int8  data1,data2;
....................    signed int8 n;
.................... #ifdef _ERRNO
....................    if(x <0)
....................    {
....................       errno=EDOM;
....................    }
....................    if(x ==0)
....................    {
....................       errno=ERANGE;
....................       return(0);
....................    }
.................... #endif
....................    y = x;
.................... 
....................    if (y != 1.0)
....................    {
.................... 
.................... #if !defined(__PCD__)
....................       *((unsigned int8 *)(&y)) = 0x7E; 
.................... #endif
....................       data2 = *(((unsigned int8 *)(&y))+5);
....................       *(((unsigned int8 *)(&y))+5) = 0x3F;
....................       data1 = *(((unsigned int8 *)(&y))+4);
....................       bit_clear(data1,7);
....................       *(((unsigned int8 *)(&y))+4) = data1;
.................... 
....................       if(bit_test(data2,7))
....................       bit_set(*(((unsigned int8 *)(&y))+4),7);
....................       y = (y - 1.0)/(y + 1.0);
.................... 
....................       y2=y*y;
.................... 
....................       res = pl_64[0]*y2 + pl_64[1];
....................       res = res*y2 + pl_64[2];
....................       res = res*y2 + pl_64[3];
.................... 
....................       r = ql_64[0]*y2 + ql_64[1];
....................       r = r*y2 + ql_64[2];
....................       r = r*y2 + ql_64[3];
....................       r = r*y2 + 1.0; 
....................       res = y*res/r;
.................... 
....................       data1 = *(((unsigned int8 *)(&x)+5));
....................       rotate_left(&data1,1);
....................       data2 = *(((unsigned int8 *)(&x)+4));
....................       if(bit_test (data2,7))
....................       bit_set(data1,0);
....................       
....................       n = data1 - 0x7E;
.................... 
....................       if (n<0)
....................       r = -(float48)-n;
....................       else
....................       r = (float48)n;
.................... 
....................       res += r*LN2;
....................    }
.................... 
....................    else
....................    res = 0.0;
.................... 
....................    return(res);
.................... }
.................... 
.................... float64 log(float64 x)
.................... {
....................    float64 y, res, r, y2;
....................    unsigned int16  data1,data2;
....................    unsigned int16 *p;
....................    signed int16 n;
....................    #ifdef _ERRNO
....................    if(x <0)
....................    {
....................       errno=EDOM;
....................    }
....................    if(x ==0)
....................    {
....................       errno=ERANGE;
....................       return(0);
....................    }
....................    #endif
....................    y = x;
.................... 
....................    if (y != 1.0)
....................    {
....................    #if !defined(__PCD__)
....................        *((unsigned int8 *)(&y)) = 0x7E; 
....................    #endif
....................       p= (((unsigned int16 *)(&y))+3);
....................       data1 = *p;
....................       data2 = *p;
....................       data1 = 0x3FE;
....................       data1 = data1 <<4;
....................       if(bit_test (data2,15))
....................          bit_set(data1,15);
....................       data2 = data2 & 0x000F;
....................       data1 ^=data2;
.................... 
....................       *p = data1;
.................... 
....................       y = (y - 1.0)/(y + 1.0);
.................... 
....................       y2=y*y;
.................... 
....................       res = pl_64[0]*y2 + pl_64[1];
....................       res = res*y2 + pl_64[2];
....................       res = res*y2 + pl_64[3];
.................... 
....................       r = ql_64[0]*y2 + ql_64[1];
....................       r = r*y2 + ql_64[2];
....................       r = r*y2 + ql_64[3];
....................       r = r*y2 + 1.0;
.................... 
....................       res = y*res/r;
....................  
....................       p= (((unsigned int16 *)(&x))+3);
....................       data1 = *p;
....................       bit_clear(data1,15);
....................       data1 = data1 >>4;    
....................       n = data1 - 0x3FE;
.................... 
.................... 
....................       if (n<0)
....................          r = -(float64)-n;
....................       else
....................          r = (float64)n;
.................... 
....................       res += r*LN2;
....................    }
.................... 
....................    else
....................       res = 0.0;
.................... 
....................    return(res);
.................... }
.................... #endif
.................... 
.................... 
.................... #define LN10 2.3025850929940456
.................... #define LN10_INV 0.4342944819032518276
.................... 
.................... ////////////////////////////////////////////////////////////////////////////
.................... //   float log10(float x)
.................... ////////////////////////////////////////////////////////////////////////////
.................... // Description : returns the the log base 10 of x
.................... // Date : N/A
.................... //
.................... float32 log10(float32 x)
.................... {
....................    float32 r;
.................... 
....................    r = log(x);
....................    r = r*LN10_INV;
....................    return(r);
.................... }
.................... 
.................... //Overloaded functions for log10() for PCD
.................... // Overloaded function log10() for data type - Float48
.................... #if defined(__PCD__)
.................... float48 log10(float48 x)
.................... {
....................    float48 r;
.................... 
....................    r = log(x);
....................    r = r*LN10_INV;
....................    return(r);
.................... }
.................... 
.................... // Overloaded function log10() for data type - Float64
.................... float64 log10(float64 x)
.................... {
....................    float64 r;
.................... 
....................    r = log(x);
....................    r = r*LN10_INV;
....................    return(r);
.................... }
.................... #endif
.................... ////////////////////////////////////////////////////////////////////////////
.................... //   float modf(float x)
.................... ////////////////////////////////////////////////////////////////////////////
.................... // Description :breaks the argument value int integral and fractional parts,
.................... // ach of which have the same sign as the argument.  It stores the integral part
.................... // as a float in the object pointed to by the iptr
.................... // Returns : returns the signed fractional part of value.
.................... // Date : N/A
.................... //
.................... 
.................... float32 modf(float32 value,float32 *iptr)
.................... {
....................    *iptr=(value < 0.0)? ceil(value): floor(value);
....................    return(value - *iptr);
.................... }
.................... //Overloaded functions for modf() for PCD
.................... // Overloaded function modf() for data type - Float48
.................... #if defined(__PCD__)
.................... float48 modf(float48 value,float48 *iptr)
.................... {
....................    *iptr=(value < 0.0)? ceil(value): floor(value);
....................    return(value - *iptr);
.................... }
.................... // Overloaded function modf() for data type - Float64
.................... float64 modf(float64 value,float64 *iptr)
.................... {
....................    *iptr=(value < 0.0)? ceil(value): floor(value);
....................    return(value - *iptr);
.................... }
.................... #endif
.................... 
.................... ////////////////////////////////////////////////////////////////////////////
.................... //   float pwr(float x,float y)
.................... ////////////////////////////////////////////////////////////////////////////
.................... // Description : returns the value (x^y)
.................... // Date : N/A
.................... // Note : 0 is returned when the function will generate an imaginary number
.................... //
.................... float32 pwr(float32 x,float32 y)
.................... {
....................    if(0 > x && fmod(y, 1) == 0) {
....................       if(fmod(y, 2) == 0) {
....................          return (exp(log(-x) * y));
....................       } else {
....................          return (-exp(log(-x) * y));
....................       }
....................    } else if(0 > x && fmod(y, 1) != 0) {
....................       return 0;
....................    } else {
....................       if(x != 0 || 0 >= y) {
....................          return (exp(log(x) * y));
....................       }
....................    }
.................... }
.................... //Overloaded functions for pwr() for PCD
.................... // Overloaded function pwr() for data type - Float48
.................... #if defined(__PCD__)
.................... float48 pwr(float48 x,float48 y)
.................... {
....................    if(0 > x && fmod(y, 1) == 0) {
....................       if(fmod(y, 2) == 0) {
....................          return (exp(log(-x) * y));
....................       } else {
....................          return (-exp(log(-x) * y));
....................       }
....................    } else if(0 > x && fmod(y, 1) != 0) {
....................       return 0;
....................    } else {
....................       if(x != 0 || 0 >= y) {
....................          return (exp(log(x) * y));
....................       } else return 0;
....................    }
.................... }
.................... // Overloaded function pwr() for data type - Float64
.................... float64 pwr(float64 x,float64 y)
.................... {
....................    if(0 > x && fmod(y, 1) == 0) {
....................       if(fmod(y, 2) == 0) {
....................          return (exp(log(-x) * y));
....................       } else {
....................          return (-exp(log(-x) * y));
....................       }
....................    } else if(0 > x && fmod(y, 1) != 0) {
....................       return 0;
....................    } else {
....................       if(x != 0 || 0 >= y) {
....................          return (exp(log(x) * y));
....................       } else return 0;
....................    }
.................... }
.................... #endif
.................... 
.................... //////////////////// Power functions ////////////////////
.................... 
.................... ////////////////////////////////////////////////////////////////////////////
.................... //   float pow(float x,float y)
.................... ////////////////////////////////////////////////////////////////////////////
.................... // Description : returns the value (x^y)
.................... // Date : N/A
.................... // Note : 0 is returned when the function will generate an imaginary number
.................... //
.................... float32 pow(float32 x,float32 y)
.................... {
....................    if(0 > x && fmod(y, 1) == 0) {
....................       if(fmod(y, 2) == 0) {
....................          return (exp(log(-x) * y));
....................       } else {
....................          return (-exp(log(-x) * y));
....................       }
....................    } else if(0 > x && fmod(y, 1) != 0) {
....................       return 0;
....................    } else {
....................       if(x != 0 || 0 >= y) {
....................          return (exp(log(x) * y));
....................       } else return 0;
....................    }
.................... }
.................... //Overloaded functions for pow() for PCD
.................... // Overloaded function for pow() data type - Float48
.................... #if defined(__PCD__)
.................... float48 pow(float48 x,float48 y)
.................... {
....................    if(0 > x && fmod(y, 1) == 0) {
....................       if(fmod(y, 2) == 0) {
....................          return (exp(log(-x) * y));
....................       } else {
....................          return (-exp(log(-x) * y));
....................       }
....................    } else if(0 > x && fmod(y, 1) != 0) {
....................       return 0;
....................    } else {
....................       if(x != 0 || 0 >= y) {
....................          return (exp(log(x) * y));
....................       } else return 0;
....................    }
.................... }
.................... 
.................... // Overloaded function pow() for data type - Float64
.................... float64 pow(float64 x,float64 y)
.................... {
....................    if(0 > x && fmod(y, 1) == 0) {
....................       if(fmod(y, 2) == 0) {
....................          return (exp(log(-x) * y));
....................       } else {
....................          return (-exp(log(-x) * y));
....................       }
....................    } else if(0 > x && fmod(y, 1) != 0) {
....................       return 0;
....................    } else {
....................       if(x != 0 || 0 >= y) {
....................          return (exp(log(x) * y));
....................       } else return 0;
....................    }
.................... }
.................... #endif
.................... 
.................... ////////////////////////////////////////////////////////////////////////////
.................... //   float sqrt(float x)
.................... ////////////////////////////////////////////////////////////////////////////
.................... // Description : returns the square root of x
.................... // Date : N/A
.................... //
.................... float32 sqrt(float32 x)
.................... {
....................    float32 y, res;
....................    #if defined(__PCD__)
....................    unsigned int16 data1,data2;
....................    #endif
....................    #if !defined(__PCD__)
....................    unsigned int8 *p;
....................    #endif
.................... 
....................    #ifdef _ERRNO
....................    if(x < 0)
....................    {
....................       errno=EDOM;
....................    }
....................    #endif
.................... 
....................    if( x<=0.0)
....................       return(0.0);
.................... 
....................    y=x;
....................    
....................    #if !defined(__PCD__)
....................     p=&y;
....................    (*p)=(unsigned int8)((((unsigned int16)(*p)) + 127) >> 1);
....................    #endif
....................    
....................    #if defined(__PCD__)
....................     data1 = *(((unsigned int8 *)(&y))+3);
....................     data2 = *(((unsigned int8 *)(&y))+2);
....................     rotate_left(&data1,1);    
....................     if(bit_test(data2,7))    
....................        bit_set(data1,0);    
....................     data1 = ((data1+127) >>1);
....................     bit_clear(data2,7);
....................     if(bit_test(data1,0))
....................        bit_set(data2,7);
....................     data1 = data1 >>1;
....................     *(((unsigned int8 *)(&y))+3) = data1;
....................     *(((unsigned int8 *)(&y))+2) = data2;
....................     
....................   #endif
.................... 
....................    do {
....................       res=y;
....................       y+=(x/y);
.................... 
....................       #if !defined(__PCD__)
....................      (*p)--;
....................    #endif
....................    
....................    #if defined(__PCD__)
....................     data1 = *(((unsigned int8 *)(&y))+3);
....................     data2 = *(((unsigned int8 *)(&y))+2);
....................     rotate_left(&data1,1);
....................     if(bit_test(data2,7))
....................        bit_set(data1,0);    
....................     data1--;
....................     bit_clear(data2,7);
....................     if(bit_test(data1,0))
....................        bit_set(data2,7);
....................     data1 = data1 >>1;
....................     *(((unsigned int8 *)(&y))+3) = data1;
....................     *(((unsigned int8 *)(&y))+2) = data2;
....................     
....................   #endif
....................    } while(res != y);
.................... 
....................    return(res);
.................... }
.................... //Overloaded functions for sqrt() for PCD
.................... // Overloaded function sqrt() for data type - Float48
.................... #if defined(__PCD__)
.................... float48 sqrt(float48 x)
.................... {
....................    float48 y, res;
....................    unsigned int16 data1,data2;
....................    unsigned int8 *p;
.................... 
....................    #ifdef _ERRNO
....................    if(x < 0)
....................    {
....................       errno=EDOM;
....................    }
....................    #endif
.................... 
....................    if( x<=0.0)
....................       return(0.0);
.................... 
....................    y=x;
....................    
....................    #if !defined(__PCD__)
....................     p=&y;
....................    (*p)=(unsigned int8)((((unsigned int16)(*p)) + 127) >> 1);
....................    #endif
....................    
....................    #if defined(__PCD__)
....................     p = (((unsigned int8 *)(&y))+5);
....................     data1 = *(((unsigned int8 *)(&y))+5);
....................     data2 = *(((unsigned int8 *)(&y))+4);
....................     rotate_left(&data1,1);
....................     if(bit_test(data2,7))
....................        bit_set(data1,0);    
....................     data1 = ((data1+127) >>1);
....................     bit_clear(data2,7);
....................     if(bit_test(data1,0))
....................        bit_set(data2,7);
....................     data1 = data1 >>1;
....................     *(((unsigned int8 *)(&y))+5) = data1;
....................     *(((unsigned int8 *)(&y))+4) = data2;
....................     
....................   #endif
.................... 
....................    do {
....................       res=y;
....................       y+=(x/y);
.................... 
....................       #if !defined(__PCD__)
....................      (*p)--;
....................    #endif
....................    
....................     data1 = *(((unsigned int8 *)(&y))+5);
....................     data2 = *(((unsigned int8 *)(&y))+4);
....................     rotate_left(&data1,1);
....................     if(bit_test(data2,7))
....................        bit_set(data1,0);    
....................     data1--;
....................     bit_clear(data2,7);
....................     if(bit_test(data1,0))
....................        bit_set(data2,7);
....................     data1 = data1 >>1;
....................     *(((unsigned int8 *)(&y))+5) = data1;
....................     *(((unsigned int8 *)(&y))+4) = data2;
....................     
....................    } while(res != y);
.................... 
....................    return(res);
.................... }
.................... 
.................... // Overloaded function sqrt() for data type - Float64
.................... float64 sqrt(float64 x)
.................... {
....................    float64 y, res;
....................    unsigned int16 *p;
....................    unsigned int16 temp1,temp2;
.................... 
....................    #ifdef _ERRNO
....................    if(x < 0)
....................    {
....................       errno=EDOM;
....................    }
....................    #endif
.................... 
....................    if( x<=0.0)
....................       return(0.0);
.................... 
....................    y=x;
....................    p= (((unsigned int16 *)(&y))+3);
....................    temp1 = *p;
....................    temp2 = *p;
....................    bit_clear(temp1,15);
....................    temp1 = (temp1>>4)+1023;
....................    temp1 = temp1 >> 1;
....................    temp1 = (temp1<<4) & 0xFFF0;
....................    if(bit_test(temp2,15))
....................       bit_set(temp1,15);
....................    temp2 = temp2 & 0x000F;
....................    temp1 ^= temp2;
....................    
....................    (*p) = temp1;
....................    
....................    do {
....................       res=y;
....................       y+=(x/y);
....................      temp1 = *p;
....................      temp2 = *p;
....................      bit_clear(temp1,15);
....................      temp1 = (temp1>>4);
....................      temp1--;
....................      temp1 = (temp1<<4) & 0xFFF0;
....................      if(bit_test(temp2,15))
....................         bit_set(temp1,15);
....................      temp2 = temp2 & 0x000F;
....................      temp1 ^= temp2;
....................      (*p) = temp1;
.................... 
....................    } while(res != y);
.................... 
....................    return(res);
.................... }
.................... #endif
.................... 
.................... ////////////////////////////// Trig Functions //////////////////////////////
.................... #ifdef PI_DIV_BY_TWO_INV
.................... #undef PI_DIV_BY_TWO_INV
.................... #endif
.................... #define PI_DIV_BY_TWO_INV 0.63661977236758134
.................... #ifdef PI_DIV_BY_TWO
.................... #undef PI_DIV_BY_TWO
.................... #endif
.................... #define PI_DIV_BY_TWO   1.5707963267948966
.................... #ifdef TWOBYPI
.................... #undef TWOBYPI
.................... #endif
.................... #define TWOBYPI          0.6366197723675813
.................... 
.................... ////////////////////////////////////////////////////////////////////////////
.................... //   float cos(float x)
.................... ////////////////////////////////////////////////////////////////////////////
.................... // Description : returns the cosine value of the angle x, which is in radian
.................... // Date : 9/20/2001
.................... //
.................... float32 cos(float32 x)
.................... {
....................    float32 y, t, t2 = 1.0;
....................    unsigned int8 quad, i;
....................    float32 frac;
....................    float32 p[5] = {                    //by the series definition for cosine
....................       -0.49999999456337096,            // sum ( ( (-1)^n * x^2n )/(2n)! )
....................        0.04166663896921267,
....................       -0.00138883894522527,
....................        0.00002476138231734,
....................       -0.00000026070414770
....................       //-0.00000000001147,
....................       // 0.00000000000005
....................    };
.................... 
....................    if (x < 0) x = -x;                  // absolute value of input
.................... 
....................    quad = (unsigned int8)(x * PI_DIV_BY_TWO_INV);    // quadrant
....................    frac = (x * PI_DIV_BY_TWO_INV) - quad;  // fractional part of input
....................    quad = quad % 4;                    // quadrant (0 to 3)
.................... 
....................    if (quad == 0 || quad == 2)
....................       t = frac * PI_DIV_BY_TWO;
....................    else if (quad == 1)
....................       t = (1-frac) * PI_DIV_BY_TWO;
....................    else // should be 3
....................       t = (frac-1) * PI_DIV_BY_TWO;
.................... 
....................    y = 1.0;
....................    t = t * t;
....................    for (i = 0; i <= 4; i++)
....................    {
....................       t2 = t2 * t;
....................       y = y + p[i] * t2;
....................    }
.................... 
....................    if (quad == 2 || quad == 1)
....................       y = -y;  // correct sign
.................... 
....................    return (y);
.................... }
.................... 
.................... 
.................... //Overloaded functions for cos() for PCD
.................... // Overloaded function cos() for data type - Float48
.................... #if defined(__PCD__)
.................... float48 cos(float48 x)
.................... {
....................    float48 y, t, t2 = 1.0;
....................    unsigned int8 quad, i;
....................    float48 frac;
....................    float48 p[6] = {                    //by the series definition for cosine
....................       -0.5,                            // sum ( ( (-1)^n * x^2n )/(2n)! )
....................        0.04166666666667,
....................       -0.00138888888889,
....................        0.00002480158730,
....................       -0.00000027557319,
....................        0.00000000208767
....................    };
.................... 
....................    if (x < 0) x = -x;                  // absolute value of input
.................... 
....................    quad = (unsigned int8)(x * PI_DIV_BY_TWO_INV);    // quadrant
....................    frac = (x * PI_DIV_BY_TWO_INV) - quad;  // fractional part of input
....................    quad = quad % 4;                    // quadrant (0 to 3)
.................... 
....................    if (quad == 0 || quad == 2)
....................       t = frac * PI_DIV_BY_TWO;
....................    else if (quad == 1)
....................       t = (1-frac) * PI_DIV_BY_TWO;
....................    else // should be 3
....................       t = (frac-1) * PI_DIV_BY_TWO;
.................... 
....................    y = 0.999999999781;
....................    t = t * t;
....................    for (i = 0; i <= 5; i++)
....................    {
....................       t2 = t2 * t;
....................       y = y + p[i] * t2;
....................    }
.................... 
....................    if (quad == 2 || quad == 1)
....................       y = -y;  // correct sign
.................... 
....................    return (y);
.................... }
.................... 
.................... // Overloaded function cos() for data type - Float64
.................... float64 cos(float64 x)
.................... {
....................    float64 y, t, t2 = 1.0;
....................    unsigned int8 quad, i;
....................    float64 frac;
....................    float64 p_64[9] = {               //by the series definition for cosine
....................      -0.49999999999998740,           // sum ( ( (-1)^n * x^2n )/(2n)! )             
....................       0.04166666666656518,
....................      -0.00138888888851691,
....................       0.00002480158658490,
....................      -0.00000027557239796,
....................       0.00000000208715031,
....................      -0.00000000001126577,
....................       0.00000000000000427,
....................       0.00000000000000372};
.................... 
....................    if (x < 0) x = -x;                  // absolute value of input
.................... 
....................    quad = (unsigned int8)(x * PI_DIV_BY_TWO_INV);    // quadrant
....................    frac = (x * PI_DIV_BY_TWO_INV) - quad;  // fractional part of input
....................    quad = quad % 4;                    // quadrant (0 to 3)
.................... 
....................    if (quad == 0 || quad == 2)
....................       t = frac * PI_DIV_BY_TWO;
....................    else if (quad == 1)
....................       t = (1-frac) * PI_DIV_BY_TWO;
....................    else // should be 3
....................       t = (frac-1) * PI_DIV_BY_TWO;
.................... 
....................    y = 1.0;
....................    t = t * t;
....................    for (i = 0; i <= 8; i++)
....................    {
....................       t2 = t2 * t;
....................       y = y + p_64[i] * t2;
....................    }
.................... 
....................    if (quad == 2 || quad == 1)
....................       y = -y;  // correct sign
.................... 
....................    return (y);
.................... }
.................... 
.................... #endif
.................... 
.................... ////////////////////////////////////////////////////////////////////////////
.................... //   float sin(float x)
.................... ////////////////////////////////////////////////////////////////////////////
.................... // Description : returns the sine value of the angle x, which is in radian
.................... // Date : 9/20/2001
.................... //
.................... float32 sin(float32 x)
.................... {
....................    return cos(x - PI_DIV_BY_TWO);
.................... }
.................... 
.................... //Overloaded functions for sin() for PCD
.................... // Overloaded function sin() for data type - Float48
.................... #if defined(__PCD__)
.................... float48 sin(float48 x)
.................... {
....................    return cos(x - PI_DIV_BY_TWO);
.................... }
.................... 
.................... // Overloaded function sin() for data type - Float48
.................... float64 sin(float64 x)
.................... {
....................    return cos(x - PI_DIV_BY_TWO);
.................... }
.................... #endif
.................... 
.................... ////////////////////////////////////////////////////////////////////////////
.................... //   float tan(float x)
.................... ////////////////////////////////////////////////////////////////////////////
.................... // Description : returns the tangent value of the angle x, which is in radian
.................... // Date : 9/20/2001
.................... //
.................... float32 tan(float32 x)
.................... {
....................    float32 c, s;
.................... 
....................    c = cos(x);
....................    if (c == 0.0)
....................       return (1.0e+36);
.................... 
....................    s = sin(x);
....................    return(s/c);
.................... }
.................... //Overloaded functions for tan() for PCD
.................... // Overloaded function tan() for data type - Float48
.................... #if defined(__PCD__)
.................... float48 tan(float48 x)
.................... {
....................    float48 c, s;
.................... 
....................    c = cos(x);
....................    if (c == 0.0)
....................       return (1.0e+36);
.................... 
....................    s = sin(x);
....................    return(s/c);
.................... }
.................... 
.................... // Overloaded function tan() for data type - Float48
.................... float64 tan(float64 x)
.................... {
....................    float64 c, s;
.................... 
....................    c = cos(x);
....................    if (c == 0.0)
....................       return (1.0e+36);
.................... 
....................    s = sin(x);
....................    return(s/c);
.................... }
.................... #endif
.................... 
.................... float32 const pas[3] = {0.49559947, -4.6145309, 5.6036290};
.................... float32 const qas[3] = {1.0000000,  -5.5484666, 5.6036290};
.................... 
.................... float32 ASIN_COS(float32 x, unsigned int8 n)
.................... {
....................    float32 y, res, r, y2;
....................    int1 s;
....................    #ifdef _ERRNO
....................    if(x <-1 || x > 1)
....................    {
....................       errno=EDOM;
....................    }
....................    #endif
....................    s = 0;
....................    y = x;
.................... 
....................    if (x < 0)
....................    {
....................       s = 1;
....................       y = -y;
....................    }
.................... 
....................    if (y > 0.5)
....................    {
....................       y = sqrt((1.0 - y)*0.5);
....................       n += 2;
....................    }
.................... 
....................    y2=y*y;
.................... 
....................    res = pas[0]*y2 + pas[1];
....................    res = res*y2 + pas[2];
.................... 
....................    r = qas[0]*y2 + qas[1];
....................    r = r*y2 + qas[2];
.................... 
....................    res = y*res/r;
.................... 
....................    if (n & 2)     // |x| > 0.5
....................       res = PI_DIV_BY_TWO - 2.0*res;
....................    if (s)
....................       res = -res;
....................    if (n & 1)           // take arccos
....................       res = PI_DIV_BY_TWO - res;
.................... 
....................    return(res);
.................... }
.................... 
.................... 
.................... //Overloaded functions for ASIN_COS() for PCD
.................... // Overloaded function ASIN_COS() for data type - Float48
.................... #if defined(__PCD__)
.................... float48 ASIN_COS(float48 x, unsigned int8 n)
.................... {
....................    float48 y, res, r, y2;
....................    int1 s;
....................    #ifdef _ERRNO
....................    if(x <-1 || x > 1)
....................    {
....................       errno=EDOM;
....................    }
....................    #endif
....................    s = 0;
....................    y = x;
.................... 
....................    if (x < 0)
....................    {
....................       s = 1;
....................       y = -y;
....................    }
.................... 
....................    if (y > 0.5)
....................    {
....................       y = sqrt((1.0 - y)*0.5);
....................       n += 2;
....................    }
.................... 
....................    y2=y*y;
.................... 
....................    res = pas[0]*y2 + pas[1];
....................    res = res*y2 + pas[2];
.................... 
....................    r = qas[0]*y2 + qas[1];
....................    r = r*y2 + qas[2];
.................... 
....................    res = y*res/r;
.................... 
....................    if (n & 2)     // |x| > 0.5
....................       res = PI_DIV_BY_TWO - 2.0*res;
....................    if (s)
....................       res = -res;
....................    if (n & 1)           // take arccos
....................       res = PI_DIV_BY_TWO - res;
.................... 
....................    return(res);
.................... }
.................... 
.................... // Overloaded function ASIN_COS() for data type - Float64
.................... double pas_64[5]={1.000000000000000,-2.069938587724477,1.421444580548907,
....................                  -0.360690137621842,0.024929451660228};
.................... 
.................... double qas_64[5]={-2.236605254391134,1.719212122946451,-0.524122954476133,
....................                    0.052808872045749,-0.000662536036570};
....................                    
.................... float64 ASIN_COS(float64 x, unsigned int8 n)
.................... {
....................    float64 y, res, r, y2;
....................    int1 s;
....................    #ifdef _ERRNO
....................    if(x <-1 || x > 1)
....................    {
....................       errno=EDOM;
....................    }
....................    #endif
....................    s = 0;
....................    y = x;
.................... 
....................    if (x < 0)
....................    {
....................       s = 1;
....................       y = -y;
....................    }
.................... 
....................    if (y > 0.5)
....................    {
....................       y = sqrt((1.0 - y)*0.5);
....................       n += 2;
....................    }
.................... 
....................    y2=y*y;
.................... 
....................    res = pas_64[4]*y2 + pas_64[3];
....................    res = res*y2 + pas_64[2];
....................    res = res*y2 + pas_64[1];
....................    res = res*y2 + pas_64[0];
.................... 
....................    r = qas_64[4]*y2 + qas_64[3];
....................    r = r*y2 + qas_64[2];
....................    r = r*y2 + qas_64[1];
....................    r = r*y2 + qas_64[0];
....................    r = r*y2 + 1.0;
.................... 
....................    res = y*res/r;
.................... 
....................    if (n & 2)     // |x| > 0.5
....................       res = PI_DIV_BY_TWO - 2.0*res;
....................    if (s)
....................       res = -res;
....................    if (n & 1)           // take arccos
....................       res = PI_DIV_BY_TWO - res;
.................... 
....................    return(res);
.................... }
.................... #endif
.................... 
.................... ////////////////////////////////////////////////////////////////////////////
.................... //   float asin(float x)
.................... ////////////////////////////////////////////////////////////////////////////
.................... // Description : returns the arcsine value of the value x.
.................... // Date : N/A
.................... //
.................... float32 asin(float32 x)
.................... {
....................    float32 r;
.................... 
....................    r = ASIN_COS(x, 0);
....................    return(r);
.................... }
.................... //Overloaded functions for asin() for PCD
.................... // Overloaded function asin() for data type - Float48
.................... #if defined(__PCD__)
.................... float48 asin(float48 x)
.................... {
....................    float48 r;
.................... 
....................    r = ASIN_COS(x, 0);
....................    return(r);
.................... }
.................... 
.................... // Overloaded function asin() for data type - Float64
.................... float64 asin(float64 x)
.................... {
....................    float64 r;
.................... 
....................    r = ASIN_COS(x, 0);
....................    return(r);
.................... }
.................... #endif
.................... 
.................... ////////////////////////////////////////////////////////////////////////////
.................... //   float acos(float x)
.................... ////////////////////////////////////////////////////////////////////////////
.................... // Description : returns the arccosine value of the value x.
.................... // Date : N/A
.................... //
.................... float32 acos(float32 x)
.................... {
....................    float32 r;
.................... 
....................    r = ASIN_COS(x, 1);
....................    return(r);
.................... }
.................... //Overloaded functions for acos() for PCD
.................... // Overloaded function acos() for data type - Float48
.................... #if defined(__PCD__)
.................... float48 acos(float48 x)
.................... {
....................    float48 r;
.................... 
....................    r = ASIN_COS(x, 1);
....................    return(r);
.................... }
.................... 
.................... // Overloaded function acos() for data type - Float64
.................... float64 acos(float64 x)
.................... {
....................    float64 r;
.................... 
....................    r = ASIN_COS(x, 1);
....................    return(r);
.................... }
.................... #endif
.................... 
.................... float32 const pat[4] = {0.17630401, 5.6710795, 22.376096, 19.818457};
.................... float32 const qat[4] = {1.0000000,  11.368190, 28.982246, 19.818457};
.................... 
.................... ////////////////////////////////////////////////////////////////////////////
.................... //   float atan(float x)
.................... ////////////////////////////////////////////////////////////////////////////
.................... // Description : returns the arctangent value of the value x.
.................... // Date : N/A
.................... //
.................... float32 atan(float32 x)
.................... {
....................    float32 y, res, r;
....................    int1 s, flag;
.................... 
....................    s = 0;
....................    flag = 0;
....................    y = x;
.................... 
....................    if (x < 0)
....................    {
....................       s = 1;
....................       y = -y;
....................    }
.................... 
....................    if (y > 1.0)
....................    {
....................       y = 1.0/y;
....................       flag = 1;
....................    }
.................... 
....................    res = pat[0]*y*y + pat[1];
....................    res = res*y*y + pat[2];
....................    res = res*y*y + pat[3];
.................... 
....................    r = qat[0]*y*y + qat[1];
....................    r = r*y*y + qat[2];
....................    r = r*y*y + qat[3];
.................... 
....................    res = y*res/r;
.................... 
.................... 
....................    if (flag)                              // for |x| > 1
....................       res = PI_DIV_BY_TWO - res;
....................    if (s)
....................       res = -res;
.................... 
....................    return(res);
.................... }
.................... //Overloaded functions for atan() for PCD
.................... // Overloaded function atan() for data type - Float48
.................... #if defined(__PCD__)
.................... float48 atan(float48 x)
.................... {
....................    float48 y, res, r;
....................    int1 s, flag;
.................... 
....................    s = 0;
....................    flag = 0;
....................    y = x;
.................... 
....................    if (x < 0)
....................    {
....................       s = 1;
....................       y = -y;
....................    }
.................... 
....................    if (y > 1.0)
....................    {
....................       y = 1.0/y;
....................       flag = 1;
....................    }
.................... 
....................    res = pat[0]*y*y + pat[1];
....................    res = res*y*y + pat[2];
....................    res = res*y*y + pat[3];
.................... 
....................    r = qat[0]*y*y + qat[1];
....................    r = r*y*y + qat[2];
....................    r = r*y*y + qat[3];
.................... 
....................    res = y*res/r;
.................... 
.................... 
....................    if (flag)                              // for |x| > 1
....................       res = PI_DIV_BY_TWO - res;
....................    if (s)
....................       res = -res;
.................... 
....................    return(res);
.................... }
.................... 
.................... float64 pat_64[6]={0.999999999999999,2.249923645595566,1.771541617806449,
....................                    0.579678874003185,0.072162702162882,0.002281100141660};
.................... 
.................... float64 qat_64[6]={2.583256978928510,2.432627277466967,1.016760379885393,
....................                    0.182482977188688,0.011155377971690,0.000100013019160};
.................... // Overloaded function atan() for data type - Float64
.................... float64 atan(float64 x)
.................... {
....................    float64 y,y2, res, r;
....................    int1 s, flag;
.................... 
....................    s = 0;
....................    flag = 0;
....................    y = x;
.................... 
....................    if (x < 0)
....................    {
....................       s = 1;
....................       y = -y;
....................    }
.................... 
....................    if (y > 1.0)
....................    {
....................       y = 1.0/y;
....................       flag = 1;
....................    }
....................    y2 = y*y;
....................    res = pat_64[5]*y2 + pat_64[4];
....................    res = res*y2 + pat_64[3];
....................    res = res*y2 + pat_64[2];
....................    res = res*y2 + pat_64[1];
....................    res = res*y2 + pat_64[0];
.................... 
....................    r = qat_64[5]*y2 + qat_64[4];
....................    r = r*y2 + qat_64[3];
....................    r = r*y2 + qat_64[2];
....................    r = r*y2 + qat_64[1];
....................    r = r*y2 + qat_64[0];
....................    r = r*y2 + 1.0;
.................... 
....................    res = y*res/r;
.................... 
.................... 
....................    if (flag)                              // for |x| > 1
....................       res = PI_DIV_BY_TWO - res;
....................    if (s)
....................       res = -res;
.................... 
....................    return(res);
.................... }
.................... #endif
.................... 
.................... /////////////////////////////////////////////////////////////////////////////
.................... //   float atan2(float y, float x)
.................... /////////////////////////////////////////////////////////////////////////////
.................... // Description :computes the principal value of arc tangent of y/x, using the
.................... // signs of both the arguments to determine the quadrant of the return value
.................... // Returns : returns the arc tangent of y/x.
.................... // Date : N/A
.................... //
.................... 
.................... float32 atan2(float32 y,float32 x)
.................... {
....................    float32 z;
....................    int1 sign;
....................    unsigned int8 quad;
....................    sign=0;
....................    quad=0; //quadrant
....................    quad=((y<=0.0)?((x<=0.0)?3:4):((x<0.0)?2:1));
....................    if(y<0.0)
....................    {
....................       sign=1;
....................       y=-y;
....................    }
....................    if(x<0.0)
....................    {
....................       x=-x;
....................    }
....................    if (x==0.0)
....................    {
....................       if(y==0.0)
....................       {
....................       #ifdef _ERRNO
....................       {
....................          errno=EDOM;
....................       }
....................       #endif
....................       }
....................       else
....................       {
....................          if(sign)
....................          {
....................          return (-(PI_DIV_BY_TWO));
....................          }
....................          else
....................          {
....................          return (PI_DIV_BY_TWO);
....................          }
....................       }
....................    }
....................    else
....................    {
....................       z=y/x;
....................       switch(quad)
....................       {
....................          case 1:
....................          {
....................             return atan(z);
....................             break;
....................          }
....................          case 2:
....................          {
.................... //            return (atan(z)+PI_DIV_BY_TWO);  //2L3122
....................             return (PI-atan(z));
....................             break;
....................          }
....................          case 3:
....................          {
....................             return (atan(z)-PI);
....................             break;
....................          }
....................          case 4:
....................          {
....................             return (-atan(z));
....................             break;
....................          }
....................       }
....................    }
.................... }
.................... 
.................... //Overloaded functions for atan2() for PCD
.................... // Overloaded function atan2() for data type - Float48
.................... #if defined(__PCD__)
.................... float48 atan2(float48 y,float48 x)
.................... {
....................    float48 z;
....................    int1 sign;
....................    unsigned int8 quad;
....................    sign=0;
....................    quad=0; //quadrant
....................    quad=((y<=0.0)?((x<=0.0)?3:4):((x<0.0)?2:1));
....................    if(y<0.0)
....................    {
....................       sign=1;
....................       y=-y;
....................    }
....................    if(x<0.0)
....................    {
....................       x=-x;
....................    }
....................    if (x==0.0)
....................    {
....................       if(y==0.0)
....................       {
....................       #ifdef _ERRNO
....................       {
....................          errno=EDOM;
....................       }
....................       #endif
....................       }
....................       else
....................       {
....................          if(sign)
....................          {
....................          return (-(PI_DIV_BY_TWO));
....................          }
....................          else
....................          {
....................          return (PI_DIV_BY_TWO);
....................          }
....................       }
....................    }
....................    else
....................    {
....................       z=y/x;
....................       switch(quad)
....................       {
....................          case 1:
....................          {
....................             return atan(z);
....................             break;
....................          }
....................          case 2:
....................          {
.................... //            return (atan(z)+PI_DIV_BY_TWO);  //2L3122
....................             return (PI-atan(z));
....................             break;
....................          }
....................          case 3:
....................          {
....................             return (atan(z)-PI);
....................             break;
....................          }
....................          case 4:
....................          {
....................             return (-atan(z));
....................             break;
....................          }
....................       }
....................    }
.................... }
.................... 
.................... // Overloaded function atan2() for data type - Float64
.................... float64 atan2(float64 y,float64 x)
.................... {
....................    float64 z;
....................    int1 sign;
....................    unsigned int8 quad;
....................    sign=0;
....................    quad=0; //quadrant
....................    quad=((y<=0.0)?((x<=0.0)?3:4):((x<0.0)?2:1));
....................    if(y<0.0)
....................    {
....................       sign=1;
....................       y=-y;
....................    }
....................    if(x<0.0)
....................    {
....................       x=-x;
....................    }
....................    if (x==0.0)
....................    {
....................       if(y==0.0)
....................       {
....................       #ifdef _ERRNO
....................       {
....................          errno=EDOM;
....................       }
....................       #endif
....................       }
....................       else
....................       {
....................          if(sign)
....................          {
....................          return (-(PI_DIV_BY_TWO));
....................          }
....................          else
....................          {
....................          return (PI_DIV_BY_TWO);
....................          }
....................       }
....................    }
....................    else
....................    {
....................       z=y/x;
....................       switch(quad)
....................       {
....................          case 1:
....................          {
....................             return atan(z);
....................             break;
....................          }
....................          case 2:
....................          {
.................... //            return (atan(z)+PI_DIV_BY_TWO);  //2L3122
....................             return (PI-atan(z));
....................             break;
....................          }
....................          case 3:
....................          {
....................             return (atan(z)-PI);
....................             break;
....................          }
....................          case 4:
....................          {
....................             return (-atan(z));
....................             break;
....................          }
....................       }
....................    }
.................... }
.................... #endif
.................... 
.................... //////////////////// Hyperbolic functions ////////////////////
.................... 
.................... ////////////////////////////////////////////////////////////////////////////
.................... //   float cosh(float x)
.................... ////////////////////////////////////////////////////////////////////////////
.................... // Description : Computes the hyperbolic cosine value of x
.................... // Returns : returns the hyperbolic cosine value of x
.................... // Date : N/A
.................... //
.................... 
.................... float32 cosh(float32 x)
.................... {
....................    return ((exp(x)+exp(-x))*0.5);
.................... }
.................... //Overloaded functions for cosh() for PCD
.................... // Overloaded function cosh() for data type - Float48
.................... #if defined(__PCD__)
.................... float48 cosh(float48 x)
.................... {
....................    return ((exp(x)+exp(-x))*0.5);
.................... }
.................... 
.................... // Overloaded function cosh() for data type - Float64
.................... float64 cosh(float64 x)
.................... {
....................    return ((exp(x)+exp(-x))*0.5);
.................... }
.................... #endif
.................... 
.................... ////////////////////////////////////////////////////////////////////////////
.................... //   float sinh(float x)
.................... ////////////////////////////////////////////////////////////////////////////
.................... // Description : Computes the hyperbolic sine value of x
.................... // Returns : returns the hyperbolic sine value of x
.................... // Date : N/A
.................... //
.................... 
.................... float32 sinh(float32 x)
.................... {
.................... 
....................    return ((exp(x) - exp(-x))*0.5);
.................... }
.................... //Overloaded functions for sinh() for PCD
.................... // Overloaded function sinh() for data type - Float48
.................... #if defined(__PCD__)
.................... float48 sinh(float48 x)
.................... {
.................... 
....................    return ((exp(x) - exp(-x))*0.5);
.................... }
.................... 
.................... // Overloaded function sinh() for data type - Float48
.................... float64 sinh(float64 x)
.................... {
.................... 
....................    return ((exp(x) - exp(-x))*0.5);
.................... }
.................... #endif
.................... 
.................... ////////////////////////////////////////////////////////////////////////////
.................... //   float tanh(float x)
.................... ////////////////////////////////////////////////////////////////////////////
.................... // Description : Computes the hyperbolic tangent value of x
.................... // Returns : returns the hyperbolic tangent value of x
.................... // Date : N/A
.................... //
.................... 
.................... float32 tanh(float32 x)
.................... {
....................    return(sinh(x)/cosh(x));
.................... }
.................... //Overloaded functions for tanh() for PCD
.................... // Overloaded function tanh() for data type - Float48
.................... #if defined(__PCD__)
.................... float48 tanh(float48 x)
.................... {
....................    return(sinh(x)/cosh(x));
.................... }
.................... 
.................... // Overloaded function tanh() for data type - Float64
.................... float64 tanh(float64 x)
.................... {
....................    return(sinh(x)/cosh(x));
.................... }
.................... #endif
.................... 
.................... ////////////////////////////////////////////////////////////////////////////
.................... //   float frexp(float x, signed int *exp)
.................... ////////////////////////////////////////////////////////////////////////////
.................... // Description : breaks a floating point number into a normalized fraction and an integral
.................... // power of 2. It stores the integer in the signed int object pointed to by exp.
.................... // Returns : returns the value x, such that x is a double with magnitude in the interval
.................... // [1/2,1) or zero, and value equals x times 2 raised to the power *exp.If value is zero,
.................... // both parts of the result are zero.
.................... // Date : N/A
.................... //
.................... 
.................... #define LOG2 .30102999566398119521
.................... #define LOG2_INV 3.32192809488736234787
.................... float32 frexp(float32 x, signed int8 *exp)
.................... {
....................    float32 res;
....................    int1 sign = 0;
....................    if(x == 0.0)
....................    {
....................       *exp=0;
....................       return (0.0);
....................    }
....................    if(x < 0.0)
....................    {
....................      x=-x;
....................      sign=1;
....................    }
....................    if (x > 1.0)
....................    {
....................       *exp=(ceil(log10(x)*LOG2_INV));
....................       res=x/(pow(2, *exp));
....................       if (res == 1)
....................       {
....................          *exp=*exp+1;
....................           res=.5;
....................       }
....................    }
....................    else
....................    {
....................       if(x < 0.5)
....................       {
....................          *exp=-1;
....................          res=x*2;
....................       }
....................       else
....................       {
....................          *exp=0;
....................           res=x;
....................       }
....................    }
....................    if(sign)
....................    {
....................       res=-res;
....................    }
....................    return res;
.................... }
.................... 
.................... //Overloaded functions for frexp() for PCD
.................... // Overloaded function frexp() for data type - Float48
.................... #if defined(__PCD__)
.................... float48 frexp(float48 x, signed int8 *exp)
.................... {
....................    float48 res;
....................    int1 sign = 0;
....................    if(x == 0.0)
....................    {
....................       *exp=0;
....................       return (0.0);
....................    }
....................    if(x < 0.0)
....................    {
....................      x=-x;
....................      sign=1;
....................    }
....................    if (x > 1.0)
....................    {
....................       *exp=(ceil(log10(x)*LOG2_INV));
....................       res=x/(pow(2, *exp));
....................       if (res == 1)
....................       {
....................          *exp=*exp+1;
....................           res=.5;
....................       }
....................    }
....................    else
....................    {
....................       if(x < 0.5)
....................       {
....................          *exp=-1;
....................          res=x*2;
....................       }
....................       else
....................       {
....................          *exp=0;
....................           res=x;
....................       }
....................    }
....................    if(sign)
....................    {
....................       res=-res;
....................    }
....................    return res;
.................... }
.................... 
.................... // Overloaded function frexp() for data type - Float64
.................... float64 frexp(float64 x, signed int8 *exp)
.................... {
....................    float64 res;
....................    int1 sign = 0;
....................    if(x == 0.0)
....................    {
....................       *exp=0;
....................       return (0.0);
....................    }
....................    if(x < 0.0)
....................    {
....................      x=-x;
....................      sign=1;
....................    }
....................    if (x > 1.0)
....................    {
....................       *exp=(ceil(log10(x)*LOG2_INV));
....................       res=x/(pow(2, *exp));
....................       if (res == 1)
....................       {
....................          *exp=*exp+1;
....................           res=.5;
....................       }
....................    }
....................    else
....................    {
....................       if(x < 0.5)
....................       {
....................          *exp=-1;
....................          res=x*2;
....................       }
....................       else
....................       {
....................          *exp=0;
....................           res=x;
....................       }
....................    }
....................    if(sign)
....................    {
....................       res=-res;
....................    }
....................    return res;
.................... }
.................... #endif
.................... 
.................... //////////////////////////////////////////////////////////////////////////////
.................... //   float ldexp(float x, signed int *exp)
.................... //////////////////////////////////////////////////////////////////////////////
.................... // Description : multiplies a floating point number by an integral power of 2.
.................... // Returns : returns the value of x times 2 raised to the power exp.
.................... // Date : N/A
.................... //
.................... 
.................... float32 ldexp(float32 value, signed int8 exp)
.................... {
....................    return (value * pow(2,exp));
.................... }
.................... //Overloaded functions for ldexp() for PCD
.................... // Overloaded function ldexp() for data type - Float48
.................... 
.................... #if defined(__PCD__)
.................... float48 ldexp(float48 value, signed int8 exp)
.................... {
....................    return (value * pow(2,exp));
.................... }
.................... // Overloaded function ldexp() for data type - Float64
.................... float64 ldexp(float64 value, signed int8 exp)
.................... {
....................    return (value * pow(2,exp));
.................... }
.................... #endif
.................... 
.................... #endif
.................... 
.................... #bit     TIM3IF           = 0xFA1.1
.................... #define  analog_pins        an0_to_an3
.................... #define  lm35a_channel      0
.................... #define  lm35b_channel      1
.................... #define  gp2d12_channel     2
.................... #define  photoresis_channel 3
.................... #define  TOUCH_PIN        pin_c6
.................... #define  DHT11_PIN        pin_c5
.................... #define  HX711_DO         pin_d2
.................... #define  HX711_CLK        pin_d3
.................... #define  DCMOTOR_IN1      PIN_G0
.................... #define  STEPMOTOR_IN0    PIN_G1
.................... #define  STEPMOTOR_IN1    PIN_G2
.................... #define  STEPMOTOR_IN2    PIN_G3
.................... #define  STEPMOTOR_IN3    PIN_G4
.................... #define  soft_i2c_sda     pin_c4
.................... #define  soft_i2c_scl     pin_c3 
.................... #define  SRF04_TRIGER     PIN_C7
.................... #define  LCD_RS           PIN_F0
.................... #define  LCD_E            PIN_F5
.................... #define  OUTPUT_LCD       OUTPUT_E
.................... #define  LED32_RCK        pin_d5
.................... #define  D7SEG_RCK        pin_d7
.................... #define  S7SEG_RCK        pin_a5
.................... #define  TRIAC_PIN        Pin_f6
.................... #define  BUZZER_PIN       pin_f7
.................... #define  GLCD_CSA         PIN_F1   
.................... #define  GLCD_CSB         PIN_F2   
.................... #define  GLCD_CSC         PIN_F3                       
.................... #define  GLCD_RS          PIN_F0
.................... #define  GLCD_E           PIN_F4
.................... #define  output_glcd      output_e
.................... 
.................... //***** SRF04 using CCP1 (RC2) pin as ECHO pin *******************
.................... #DEFINE  BT0             PIN_b4
.................... #DEFINE  BT1             PIN_b5
.................... #DEFINE  BT2             PIN_b6
.................... #DEFINE  BT3             PIN_b7
.................... #DEFINE  ON              BT0 
.................... #DEFINE  UP              BT0  
.................... #DEFINE  ON1             BT0 
.................... #DEFINE  OFF             BT1
.................... #DEFINE  DW              BT1
.................... #DEFINE  OFF1            BT1
.................... #DEFINE  INV             BT2
.................... #DEFINE  ON2             BT2
.................... #DEFINE  CLR             BT2
.................... #DEFINE  MOD             BT3
.................... #DEFINE  STOP            BT3    
.................... #DEFINE  OFF2            BT3
.................... typedef enum 
.................... {
....................       OK    = 0,
....................       ERROR = 1,
....................       BUSY  = 2
.................... }result;
.................... typedef struct
.................... {
....................       unsigned int32 timeline;
.................... }DELAY_STRUCT;
.................... DELAY_STRUCT  delay=0;
.................... //xxxxxxxxxxxxxxxxxxxxxxxxxxxxx Module 32 LED don xxxxxxxxxxxxxxxxxxxxxxxxxxxxxxxxxxxxxxx
.................... typedef union 
.................... { 
....................   int1           ledx1[32];
....................   unsigned int8  ledx8[4];
....................   unsigned int16 ledx16[2];
....................   unsigned int32 ledx32; 
.................... } LED32_UNION;
.................... LED32_UNION led32;
.................... result led32_display(void);
.................... //xxxxxxxxxxxxxxxxxxxxxxxxxxxxx Module 7 DOAN TT xxxxxxxxxxxxxxxxxxxxxxxxxxxxxxxxxxxxxxx
.................... const unsigned int8 m7d[16]= {0XC0,0XF9,0xA4,0XB0,0X99,0X92,0X82,0XF8,0X80,0X90,0x88, 0x83, 0xC6, 0xA1, 0x86, 0x7f};
.................... typedef struct 
.................... { 
....................   unsigned int8   led[8];  
.................... } D7SEG_STRUCT; 
.................... D7SEG_STRUCT    d7seg ={0xff,0xff,0xff,0xff,0xff,0xff,0xff,0xff}; 
.................... result d7seg_display();
.................... //xxxxxxxxxxxxxxxxxxxxxxxxxxxxx Module 7 DOAN QUET xxxxxxxxxxxxxxxxxxxxxxxxxxxxxxxxxxxxxxx
.................... typedef struct 
.................... { 
....................   unsigned int8   led[8];  
.................... } S7SEG_STRUCT; 
.................... S7SEG_STRUCT    s7seg ={0xff,0xff,0xff,0xff,0xff,0xff,0xff,0xff}; 
.................... result s7seg_display();
.................... //xxxxxxxxxxxxxxxxxxxxxxxxxxxxx TRIAC-BUZZER xxxxxxxxxxxxxxxxxxxxxxxxxxxxxxxxxxxxxxxxxxxxx
.................... result buzzer_on(void);
.................... result buzzer_off(void);
.................... result triac_2_on(void);
.................... result triac_2_off(void);
.................... //xxxxxxxxxxxxxxxxxxxxxxxxxxxxx BASE FUNCTIONS xxxxxxxxxxxxxxxxxxxxxxxxxxxxxxxxxxxxxxxxxxxx
.................... result system_init(void);
.................... result CHECK_MODULE();
.................... #endif
.................... 
.................... //xxxxxxxxxxxxxxxxxxxxxxxxxxxxx Module 32 LED don xxxxxxxxxxxxxxxxxxxxxxxxxxxxxxxxxxxxxxx
.................... result led32_display()
.................... {
....................      spi_write2(led32.ledx8[3]);spi_write2(led32.ledx8[2]);
*
00088:  MOVF   F66,W
0008A:  MOVFF  0B,F66
0008E:  RRCF   F64,W
00090:  BNC   008E
00092:  MOVF   F66,W
00094:  MOVFF  0A,F66
00098:  RRCF   F64,W
0009A:  BNC   0098
....................      spi_write2(led32.ledx8[1]);spi_write2(led32.ledx8[0]);
0009C:  MOVF   F66,W
0009E:  MOVFF  09,F66
000A2:  RRCF   F64,W
000A4:  BNC   00A2
000A6:  MOVF   F66,W
000A8:  MOVFF  08,F66
000AC:  RRCF   F64,W
000AE:  BNC   00AC
....................      output_high(LED32_RCK); output_low(LED32_RCK);
000B0:  BCF    F95.5
000B2:  BSF    F8C.5
000B4:  BCF    F95.5
000B6:  BCF    F8C.5
....................      return OK;
000B8:  MOVLW  00
000BA:  MOVWF  01
000BC:  RETURN 0
.................... }
.................... //xxxxxxxxxxxxxxxxxxxxxxxxxxxxx Module 7 DOAN TT xxxxxxxxxxxxxxxxxxxxxxxxxxxxxxxxxxxxxxx
.................... result d7seg_display()
.................... {
....................       spi_write2(d7seg.led[4]);spi_write2(d7seg.led[5]);
000BE:  MOVF   F66,W
000C0:  MOVFF  10,F66
000C4:  RRCF   F64,W
000C6:  BNC   00C4
000C8:  MOVF   F66,W
000CA:  MOVFF  11,F66
000CE:  RRCF   F64,W
000D0:  BNC   00CE
....................       spi_write2(d7seg.led[6]);spi_write2(d7seg.led[7]);
000D2:  MOVF   F66,W
000D4:  MOVFF  12,F66
000D8:  RRCF   F64,W
000DA:  BNC   00D8
000DC:  MOVF   F66,W
000DE:  MOVFF  13,F66
000E2:  RRCF   F64,W
000E4:  BNC   00E2
....................       spi_write2(d7seg.led[0]);spi_write2(d7seg.led[1]);
000E6:  MOVF   F66,W
000E8:  MOVFF  0C,F66
000EC:  RRCF   F64,W
000EE:  BNC   00EC
000F0:  MOVF   F66,W
000F2:  MOVFF  0D,F66
000F6:  RRCF   F64,W
000F8:  BNC   00F6
....................       spi_write2(d7seg.led[2]);spi_write2(d7seg.led[3]);
000FA:  MOVF   F66,W
000FC:  MOVFF  0E,F66
00100:  RRCF   F64,W
00102:  BNC   0100
00104:  MOVF   F66,W
00106:  MOVFF  0F,F66
0010A:  RRCF   F64,W
0010C:  BNC   010A
....................       output_high(D7SEG_RCK); output_low(D7SEG_RCK);
0010E:  BCF    F95.7
00110:  BSF    F8C.7
00112:  BCF    F95.7
00114:  BCF    F8C.7
....................       delay_ms(8);
00116:  MOVLW  08
00118:  MOVWF  26
0011A:  RCALL  0004
....................       return OK;
0011C:  MOVLW  00
0011E:  MOVWF  01
00120:  GOTO   01CA (RETURN)
.................... }
.................... //xxxxxxxxxxxxxxxxxxxxxxxxxxxxx Module 7 DOAN QUET xxxxxxxxxxxxxxxxxxxxxxxxxxxxxxxxxxxxxxx
.................... result s7seg_display()
.................... {    
....................       for(int8 n=0;n<8;n++)
00124:  CLRF   24
00126:  MOVF   24,W
00128:  SUBLW  07
0012A:  BNC   017E
....................       {
....................             output_e(s7seg.led[n]); spi_write2(0x80>>n);
0012C:  CLRF   03
0012E:  MOVF   24,W
00130:  ADDLW  14
00132:  MOVWF  FE9
00134:  MOVLW  00
00136:  ADDWFC 03,W
00138:  MOVWF  FEA
0013A:  MOVFF  FEF,F8D
0013E:  CLRF   F96
00140:  MOVLW  80
00142:  MOVWF  25
00144:  MOVF   24,W
00146:  MOVWF  01
00148:  BZ    0152
0014A:  BCF    FD8.0
0014C:  RRCF   25,F
0014E:  DECFSZ 01,F
00150:  BRA    014A
00152:  MOVF   F66,W
00154:  MOVFF  25,F66
00158:  RRCF   F64,W
0015A:  BNC   0158
....................             output_high(S7SEG_RCK); output_low(S7SEG_RCK);
0015C:  BCF    F92.5
0015E:  BSF    F89.5
00160:  BCF    F92.5
00162:  BCF    F89.5
....................             delay_ms(1);
00164:  MOVLW  01
00166:  MOVWF  26
00168:  RCALL  0004
....................             spi_write2(0);
0016A:  MOVF   F66,W
0016C:  CLRF   F66
0016E:  RRCF   F64,W
00170:  BNC   016E
....................             output_high(S7SEG_RCK); output_low(S7SEG_RCK);
00172:  BCF    F92.5
00174:  BSF    F89.5
00176:  BCF    F92.5
00178:  BCF    F89.5
0017A:  INCF   24,F
0017C:  BRA    0126
....................       }
....................       return OK;
0017E:  MOVLW  00
00180:  MOVWF  01
00182:  GOTO   01CC (RETURN)
.................... }
.................... //xxxxxxxxxxxxxxxxxxxxxxxxxxxxx Module KEY4x4 xxxxxxxxxxxxxxxxxxxxxxxxxxxxxxxxxxxxxxxxx
.................... unsigned int8 KEYREAD()
.................... {   const unsigned int8 mq[]={0xef,0xdf,0xbf,0x7f};
....................     for(int8 cot=0;cot<4;cot++)
....................     {
....................         if(mq[cot]&0x80) output_float(pin_b7);
....................         else             output_low(pin_b7);
....................         if(mq[cot]&0x40) output_float(pin_b6);
....................         else             output_low(pin_b6);
....................         if(mq[cot]&0x20) output_float(pin_b5);
....................         else             output_low(pin_b5);
....................         if(mq[cot]&0x10) output_float(pin_b4);
....................         else             output_low(pin_b4);
....................         IF          (!INPUT(pin_b0))    return 0+cot*4;             
....................         ELSE    IF  (!INPUT(pin_b1))    return 1+cot*4;                  
....................         ELSE    IF  (!INPUT(pin_b2))    return 2+cot*4;               
....................         ELSE    IF  (!INPUT(pin_b3))    return 3+cot*4;  
....................     }
....................     return 0xff;
.................... }
.................... //xxxxxxxxxxxxxxxxxxxxxxxxxxxxx Module LCD xxxxxxxxxxxxxxxxxxxxxxxxxxxxxxxxxxxxxxx
.................... result write_lcd20x4(unsigned int8 lcd_signal, lcd_ins_hthi)
.................... {    
....................     output_bit(LCD_E,bit_test(lcd_signal,0));
....................     output_bit(LCD_RS,bit_test(lcd_signal,2));
....................     output_lcd(lcd_ins_hthi);
....................     return OK;
.................... }
.................... //xxxxxxxxxxxxxxxxxxxxxxxxxxxxx TRIAC-BUZZER xxxxxxxxxxxxxxxxxxxxxxxxxxxxxxxxxxxxxxxxxx
.................... result buzzer_on(){output_high(BUZZER_PIN);return OK;}
.................... result buzzer_off(){ output_low(BUZZER_PIN);return OK;}
00186:  BCF    F97.7
00188:  BCF    F8E.7
0018A:  MOVLW  00
0018C:  MOVWF  01
0018E:  GOTO   01CE (RETURN)
.................... result triac_2_on(){output_high(TRIAC_PIN);return OK;}
.................... result triac_2_off(){output_low(TRIAC_PIN);return OK;}
00192:  BCF    F97.6
00194:  BCF    F8E.6
00196:  MOVLW  00
00198:  MOVWF  01
0019A:  GOTO   01D0 (RETURN)
.................... result DCMOTOR_ENABLE()
.................... {
....................    setup_timer_2(t2_div_by_16,249,1);  // Cau hinh xung PWM T=0.8 ms, su dung PWM1
....................    setup_ccp1(ccp_pwm);  
....................    set_pwm1_duty((int16)0) ;
....................    output_low(DCMOTOR_IN1) ;
....................    return OK;
.................... }
.................... 
.................... result DCMOTOR_LOWLEVEL_CONTROL(signed int16 duty, int1 direct)
.................... {
....................      if(duty)
....................         if(direct){ output_high(DCMOTOR_IN1); set_pwm1_duty(1000-duty);  }
....................         else      { output_low(DCMOTOR_IN1) ; set_pwm1_duty(duty)     ;  }
....................      else         { output_low(DCMOTOR_IN1) ; set_pwm1_duty((int16)0) ;  }
....................      return OK;
.................... }
.................... result STEPMOTOR_ENABLE(){return OK;}
.................... result STEPMOTOR_LOWLEVEL_CONTROL(int1 mode, int8 step)
.................... {                                                                      
....................       const unsigned int8 Step_data[2][8]={0x01,0x03,0x02,0x06,0x04,0x0c,0x08,0x09,0x01,0x02,0x04,0x08,0x01,0x02,0x04,0x08};
....................       output_bit(STEPMOTOR_IN0, bit_test(step_data[mode][step],0));
....................       output_bit(STEPMOTOR_IN1, bit_test(step_data[mode][step],1));
....................       output_bit(STEPMOTOR_IN2, bit_test(step_data[mode][step],2));
....................       output_bit(STEPMOTOR_IN3, bit_test(step_data[mode][step],3));
....................       return OK;
.................... }
.................... 
.................... //xxxxxxxxxxxxxxxxxxxxxxxxxxxxx BOARD_INIT xxxxxxxxxxxxxxxxxxxxxxxxxxxxxxxxxxxxxxxxxxxx
.................... result system_init()
.................... {
....................       CHECK_MODULE();
0019E:  BRA    002E
....................       set_tris_a(0xdf);
001A0:  MOVLW  DF
001A2:  MOVWF  F92
....................       set_tris_d(0x04);
001A4:  MOVLW  04
001A6:  MOVWF  F95
....................       set_tris_e(0);
001A8:  MOVLW  00
001AA:  MOVWF  F96
....................       set_tris_f(0);
001AC:  MOVWF  F97
....................       set_tris_g(0);
001AE:  MOVWF  F98
....................       set_tris_c(0xff);
001B0:  MOVLW  FF
001B2:  MOVWF  F94
....................       port_b_pullups(0xFF);
001B4:  BCF    FF1.7
....................       output_g(0);
001B6:  CLRF   F98
001B8:  CLRF   F8F
....................       output_high(pin_g0);
001BA:  BCF    F98.0
001BC:  BSF    F8F.0
....................       led32.ledx32=0;
001BE:  CLRF   0B
001C0:  CLRF   0A
001C2:  CLRF   09
001C4:  CLRF   08
....................       led32_display();
001C6:  RCALL  0088
....................       d7seg_display();
001C8:  BRA    00BE
....................       s7seg_display();
001CA:  BRA    0124
....................       buzzer_off(); 
001CC:  BRA    0186
....................       triac_2_off();
001CE:  BRA    0192
....................       setup_timer_3(t3_internal|t3_div_by_8|T3_CCP2_TO_5);
001D0:  MOVLW  BD
001D2:  MOVWF  FB1
....................       return OK;
001D4:  MOVLW  00
001D6:  MOVWF  01
001D8:  GOTO   0496 (RETURN)
.................... }
.................... /*********************************** Check module ************************************************************/
.................... result CHECK_MODULE()
*
0002E:  BSF    24.0
.................... {
....................     int1 tt=1;
....................       unsigned int8 n;
....................       for(n=0;n<10;n++)
00030:  CLRF   25
00032:  MOVF   25,W
00034:  SUBLW  09
00036:  BNC   0060
....................       {     output_bit(pin_d0,tt);
00038:  BTFSC  24.0
0003A:  BRA    0040
0003C:  BCF    F8C.0
0003E:  BRA    0042
00040:  BSF    F8C.0
00042:  BCF    F95.0
....................             if(input(pin_d1) !=tt)break;
00044:  BSF    F95.1
00046:  MOVLW  00
00048:  BTFSC  F83.1
0004A:  MOVLW  01
0004C:  MOVWF  27
0004E:  MOVLW  00
00050:  BTFSC  24.0
00052:  MOVLW  01
00054:  SUBWF  27,W
00056:  BTFSS  FD8.2
00058:  BRA    0060
....................             tt=!tt;
0005A:  BTG    24.0
0005C:  INCF   25,F
0005E:  BRA    0032
....................       }
....................       if(n<10) while(true)
00060:  MOVF   25,W
00062:  SUBLW  09
00064:  BNC   0080
....................       {    output_d(0xff);
00066:  CLRF   F95
00068:  SETF   F8C
....................            output_b(0xff); delay_ms(10);
0006A:  CLRF   F93
0006C:  SETF   F8A
0006E:  MOVLW  0A
00070:  MOVWF  26
00072:  RCALL  0004
....................            output_b(0); delay_ms(10);
00074:  CLRF   F93
00076:  CLRF   F8A
00078:  MOVLW  0A
0007A:  MOVWF  26
0007C:  RCALL  0004
0007E:  BRA    0066
....................       }
....................       return OK;
00080:  MOVLW  00
00082:  MOVWF  01
00084:  GOTO   01A0 (RETURN)
.................... }
.................... #endif
.................... 
.................... #warning"Day la file mo phong, SV khong duoc nap tren board that"
.................... #endif
.................... #if  BOARD == MOPHONG
.................... #define   BUTTON_HOLD_TIME  40
.................... #else 
.................... #define   BUTTON_HOLD_TIME  30
.................... #endif
.................... 
.................... #include <TV_LOWLEVER.C>
.................... #ifndef  __TV_LOWLEVER_C__
.................... #define  __TV_LOWLEVER_C__
.................... #include <TV_LOWLEVER.H>
.................... #ifndef  __TV_LOWLEVER_H__
.................... #define  __TV_LOWLEVER_H__
.................... unsigned int16 delay_start();
.................... unsigned int16 delay_stop(unsigned int16 t);
.................... result inputcd(int16 pin);
.................... #endif
.................... 
.................... /*********************************** Soft I2C ************************************************************/
.................... #if      BOARD == MOPHONG
.................... result soft_i2c_clk()
.................... {   
....................       output_high(soft_i2c_scl);
....................       DELAY_us(1);  
....................       output_low(soft_i2c_scl);
....................       return OK;
.................... }
.................... result soft_i2c_start()
.................... {
....................       output_high(soft_i2c_sda);
....................       output_high(soft_i2c_scl);
....................       delay_us(1);
....................       output_low(soft_i2c_sda);
....................       delay_us(1);
....................       output_low(soft_i2c_scl);   
....................       return OK;
.................... }
.................... result soft_i2c_stop()
.................... {
....................       output_low(soft_i2c_sda);
....................       output_high(soft_i2c_scl);
....................       delay_us(1);
....................       output_high(soft_i2c_sda);
....................       return OK;
.................... }
.................... result soft_i2c_write(unsigned int8 b)
.................... {
....................       unsigned int8 m;
....................       int1 ack;
....................       for(m=0x80;m>0;m>>=1)
....................       {
....................             output_bit( soft_i2c_sda,b&m);
....................             soft_i2c_clk();
....................       }
....................       output_float(soft_i2c_sda);
....................       output_high(soft_i2c_scl);  
....................       delay_us(1);
....................       ack = input(soft_i2c_sda);
....................       output_low(soft_i2c_scl);  
....................       return ack;
.................... }
.................... 
.................... unsigned int8 soft_i2c_read(int1 ack)
.................... { 
....................       unsigned int8 n,nhan=0;
....................       output_float(soft_i2c_sda);
....................       for(n=0x80;n>0;n>>=1)
....................       {      
....................             output_high(soft_i2c_scl);  
....................             delay_us(1);
....................             if(input(soft_i2c_sda))nhan=nhan|n;
....................             output_low(soft_i2c_scl);   
....................       }
....................       if(ack)  output_low(soft_i2c_sda);
....................       else     output_high(soft_i2c_sda); 
....................       soft_i2c_clk();
....................       output_high(soft_i2c_sda); 
....................       return nhan;
.................... }
.................... #else 
.................... void soft_i2c_clk()
.................... {    
....................       output_high(soft_i2c_scl);
....................       output_low(soft_i2c_scl);
.................... }
.................... void soft_i2c_start()
.................... {
....................       output_high(soft_i2c_sda);
....................       output_high(soft_i2c_scl);
....................       output_low(soft_i2c_sda);
....................       output_low(soft_i2c_scl);      
.................... }
.................... void soft_i2c_stop()
.................... {
....................       output_low(soft_i2c_scl);
....................       output_low(soft_i2c_sda);
....................       output_high(soft_i2c_scl);
....................       output_high(soft_i2c_sda);
.................... }
.................... result soft_i2c_write(unsigned int8 b)
.................... {
....................       unsigned int8 m,dem=0;
....................       for(m=0x80;m>0;m>>=1)
....................       {
....................             output_bit(soft_i2c_sda,b&m);
....................             soft_i2c_clk();
....................       }
....................      output_float(soft_i2c_sda);
....................      output_high(soft_i2c_scl);
....................      while(input(soft_i2c_sda)&(dem<5)){dem++; delay_us(1);}
....................      output_low(soft_i2c_scl);
....................      if(dem==5) return ERROR;
....................      else        return OK;
.................... }
.................... 
.................... unsigned int8 soft_i2c_read(int1 ack)
.................... { 
....................       unsigned int8 n,nhan=0;
....................       output_float(soft_i2c_sda);
....................       for(n=0x80;n>0;n>>=1)
....................       {    
....................             output_high(soft_i2c_scl);  
....................             if(input(soft_i2c_sda))nhan=nhan|n; 
....................             output_low(soft_i2c_scl);  
....................       } 
....................       output_bit(soft_i2c_sda,!ack);
....................       soft_i2c_clk();
....................       return nhan;
.................... }
.................... #endif
.................... /*********************************** Delay ************************************************************/
.................... unsigned int16 delay_start()
.................... {    
....................       delay.timeline += get_timer3() ;set_timer3(2);
....................       if(TIM3IF) delay.timeline +=65536;TIM3IF=0;
....................       return delay.timeline/625;
.................... }
.................... 
.................... unsigned int16 delay_stop(unsigned int16 t)
.................... {    
....................       unsigned int16 tam;
....................       delay.timeline += get_timer3() ;set_timer3(2);
....................       if(TIM3IF) delay.timeline +=65536;TIM3IF=0;
....................       tam = delay.timeline/625;
....................       if(t<=tam) return tam-t;
....................       else       return 0xffff-t + tam;
.................... }
.................... /*********************************** Button ************************************************************/
.................... 
.................... result inputcd(int16 pin)
.................... {
....................       static unsigned int16 oldpin=0xffff;
....................       static unsigned int16 t; 
....................       static unsigned int8 step=0;
....................       output_float(pin);
....................       switch (step)
....................       {
....................           case 0:
....................                  if(input(pin)==0)
....................                   {
....................                         oldpin   = pin;
....................                         t        = delay_start();
....................                         step     = 1;
....................                   }
....................                  break;
....................            case 1:
....................                  if(input(oldpin))step = 0;
....................                  else if((pin==oldpin)&&(delay_stop(t)>=BUTTON_HOLD_TIME))
....................                    {
....................                       t    = delay_start();
....................                       step = 2;
....................                       return OK;
....................                    }
....................                  break;
....................             case 2:
....................                  if(input(oldpin))step = 0;
....................                  else if((pin==oldpin)&&(delay_stop(t)>=500))
....................                    {
....................                        t        = delay_start();
....................                        step     = 3;
....................                    } 
....................                  break;
....................             case 3:
....................                    if(input(oldpin))step = 0; 
....................                    else if((pin==oldpin)&&(delay_stop(t)>=100))
....................                        {
....................                           t  = delay_start();
....................                           return OK;
....................                        }
....................                  break;
....................       }   
....................       return BUSY; 
.................... }
.................... #endif
.................... 
.................... #ignore_warnings 202
.................... #endif
.................... 
.................... unsigned int8 n=0, trst=0, m;
.................... 
.................... void led_flash ()
.................... {
....................       // 1. Dieu khien 32 LED chop tat 5 lan
....................       if (n < 10)
*
001DC:  MOVF   21,W
001DE:  SUBLW  09
001E0:  BNC   01F4
....................       {
....................             led32.ledx32 =~ led32.ledx32;
001E2:  COMF   08,F
001E4:  COMF   09,F
001E6:  COMF   0A,F
001E8:  COMF   0B,F
....................             led32_display();
001EA:  RCALL  0088
....................             delay_ms(100);
001EC:  MOVLW  64
001EE:  MOVWF  26
001F0:  RCALL  0004
....................       }
001F2:  BRA    01F8
....................       else
....................       {
....................          n=0;
001F4:  CLRF   21
....................          trst++;
001F6:  INCF   22,F
....................       }
001F8:  RETURN 0
.................... }
.................... 
.................... 
.................... void on_r2l ()
.................... {
....................       // Bat tu phai sang trai
....................       if (n <= 32)
001FA:  MOVF   21,W
001FC:  SUBLW  20
001FE:  BNC   0240
....................       {
....................          led32.ledx32 =~ (0xffffffff  << n); 
00200:  SETF   03
00202:  SETF   02
00204:  SETF   01
00206:  SETF   00
00208:  MOVF   21,W
0020A:  MOVWF  24
0020C:  BZ    021C
0020E:  BCF    FD8.0
00210:  RLCF   00,F
00212:  RLCF   01,F
00214:  RLCF   02,F
00216:  RLCF   03,F
00218:  DECFSZ 24,F
0021A:  BRA    020E
0021C:  MOVF   00,W
0021E:  MOVWF  08
00220:  COMF   08,F
00222:  MOVF   01,W
00224:  MOVWF  09
00226:  COMF   09,F
00228:  MOVF   02,W
0022A:  MOVWF  0A
0022C:  COMF   0A,F
0022E:  MOVF   03,W
00230:  MOVWF  0B
00232:  COMF   0B,F
....................          led32_display();
00234:  RCALL  0088
....................          delay_ms(100);
00236:  MOVLW  64
00238:  MOVWF  26
0023A:  RCALL  0004
....................          n++;
0023C:  INCF   21,F
....................       }
0023E:  BRA    0244
....................       
....................       else
....................       {
....................       n = 0;
00240:  CLRF   21
....................       trst++;
00242:  INCF   22,F
....................       }
00244:  GOTO   04F4 (RETURN)
.................... }
....................       
.................... Void off_r2l ()
.................... {
....................       // Tat tu phai sang tra
....................       if (n <= 32) 
00248:  MOVF   21,W
0024A:  SUBLW  20
0024C:  BNC   0276
....................       {
....................          led32.ledx32 = (0xffffffff  << n); 
0024E:  SETF   0B
00250:  SETF   0A
00252:  SETF   09
00254:  SETF   08
00256:  MOVF   21,W
00258:  MOVWF  24
0025A:  BZ    026A
0025C:  BCF    FD8.0
0025E:  RLCF   08,F
00260:  RLCF   09,F
00262:  RLCF   0A,F
00264:  RLCF   0B,F
00266:  DECFSZ 24,F
00268:  BRA    025C
....................          led32_display();
0026A:  RCALL  0088
....................          delay_ms(100);
0026C:  MOVLW  64
0026E:  MOVWF  26
00270:  RCALL  0004
....................          n++;
00272:  INCF   21,F
....................       }
00274:  BRA    027A
....................       
....................       else
....................       {
....................       n = 0;
00276:  CLRF   21
....................       trst++;
00278:  INCF   22,F
....................       }
0027A:  GOTO   04F4 (RETURN)
.................... 
.................... }
.................... 
.................... 
.................... void on_l2r ()
.................... {
....................       //Bat tu trai sang phai
....................       if (n <= 32)
0027E:  MOVF   21,W
00280:  SUBLW  20
00282:  BNC   02C4
....................       {
....................          led32.ledx32 =~ (0xffffffff  >> n); 
00284:  SETF   03
00286:  SETF   02
00288:  SETF   01
0028A:  SETF   00
0028C:  MOVF   21,W
0028E:  MOVWF  24
00290:  BZ    02A0
00292:  BCF    FD8.0
00294:  RRCF   03,F
00296:  RRCF   02,F
00298:  RRCF   01,F
0029A:  RRCF   00,F
0029C:  DECFSZ 24,F
0029E:  BRA    0292
002A0:  MOVF   00,W
002A2:  MOVWF  08
002A4:  COMF   08,F
002A6:  MOVF   01,W
002A8:  MOVWF  09
002AA:  COMF   09,F
002AC:  MOVF   02,W
002AE:  MOVWF  0A
002B0:  COMF   0A,F
002B2:  MOVF   03,W
002B4:  MOVWF  0B
002B6:  COMF   0B,F
....................          led32_display();
002B8:  RCALL  0088
....................          delay_ms(100);
002BA:  MOVLW  64
002BC:  MOVWF  26
002BE:  RCALL  0004
....................          n++;
002C0:  INCF   21,F
....................       }
002C2:  BRA    02C8
....................       
....................       else
....................       {
....................       n = 0;
002C4:  CLRF   21
....................       trst++;
002C6:  INCF   22,F
....................       }
002C8:  GOTO   04F4 (RETURN)
.................... }
.................... 
.................... void off_l2r ()
.................... {
....................       //Tat tu trai sang phai
....................       if (n <= 32) 
002CC:  MOVF   21,W
002CE:  SUBLW  20
002D0:  BNC   02FA
....................       {
....................          led32.ledx32 = (0xffffffff  >> n); 
002D2:  SETF   0B
002D4:  SETF   0A
002D6:  SETF   09
002D8:  SETF   08
002DA:  MOVF   21,W
002DC:  MOVWF  24
002DE:  BZ    02EE
002E0:  BCF    FD8.0
002E2:  RRCF   0B,F
002E4:  RRCF   0A,F
002E6:  RRCF   09,F
002E8:  RRCF   08,F
002EA:  DECFSZ 24,F
002EC:  BRA    02E0
....................          led32_display();
002EE:  RCALL  0088
....................          delay_ms(100);
002F0:  MOVLW  64
002F2:  MOVWF  26
002F4:  RCALL  0004
....................          n++;
002F6:  INCF   21,F
....................       }
002F8:  BRA    02FE
....................       
....................       else
....................       {
....................       n = 0;
002FA:  CLRF   21
....................       trst++;
002FC:  INCF   22,F
....................       }
002FE:  GOTO   04F4 (RETURN)
.................... 
.................... }
.................... 
.................... //Bat Tat tu trong ra
.................... void on_off_fi ()
.................... {
....................       m = 0;
*
003A4:  CLRF   23
....................       while (n < 2) 
003A6:  MOVF   21,W
003A8:  SUBLW  01
003AA:  BNC   0442
....................       {
....................          //Bat tu trong ra
....................          if (n <=16)
003AC:  MOVF   21,W
003AE:  SUBLW  10
003B0:  BNC   03FE
....................          {
....................             led32.ledx16[1] =~ (0xffff >> n);
003B2:  SETF   03
003B4:  SETF   02
003B6:  MOVF   21,W
003B8:  MOVWF  00
003BA:  BZ    03C6
003BC:  BCF    FD8.0
003BE:  RRCF   03,F
003C0:  RRCF   02,F
003C2:  DECFSZ 00,F
003C4:  BRA    03BC
003C6:  MOVF   02,W
003C8:  XORLW  FF
003CA:  MOVWF  0A
003CC:  MOVLW  FF
003CE:  XORWF  03,W
003D0:  MOVWF  0B
....................             led32.ledx16[0] =~ (0xffff << n);
003D2:  SETF   03
003D4:  SETF   02
003D6:  MOVF   21,W
003D8:  MOVWF  00
003DA:  BZ    03E6
003DC:  BCF    FD8.0
003DE:  RLCF   02,F
003E0:  RLCF   03,F
003E2:  DECFSZ 00,F
003E4:  BRA    03DC
003E6:  MOVF   02,W
003E8:  XORLW  FF
003EA:  MOVWF  08
003EC:  MOVLW  FF
003EE:  XORWF  03,W
003F0:  MOVWF  09
....................             led32_display();
003F2:  RCALL  0088
....................             delay_ms (100);
003F4:  MOVLW  64
003F6:  MOVWF  26
003F8:  RCALL  0004
....................             n++;
003FA:  INCF   21,F
....................          }
003FC:  BRA    0400
....................          else
....................          {
....................             n=0;
003FE:  CLRF   21
....................          }
....................          
....................          //Tat tu trong ra
....................          if (n <= 16)
00400:  MOVF   21,W
00402:  SUBLW  10
00404:  BNC   043A
....................          {
....................             led32.ledx16[1] = (0xffff >> n);
00406:  SETF   0B
00408:  SETF   0A
0040A:  MOVF   21,W
0040C:  MOVWF  00
0040E:  BZ    041A
00410:  BCF    FD8.0
00412:  RRCF   0B,F
00414:  RRCF   0A,F
00416:  DECFSZ 00,F
00418:  BRA    0410
....................             led32.ledx16[0] = (0xffff << n);
0041A:  SETF   09
0041C:  SETF   08
0041E:  MOVF   21,W
00420:  MOVWF  00
00422:  BZ    042E
00424:  BCF    FD8.0
00426:  RLCF   08,F
00428:  RLCF   09,F
0042A:  DECFSZ 00,F
0042C:  BRA    0424
....................             led32_display();
0042E:  RCALL  0088
....................             delay_ms (100);
00430:  MOVLW  64
00432:  MOVWF  26
00434:  RCALL  0004
....................             n++;
00436:  INCF   21,F
....................          }  
00438:  BRA    043C
....................          else
....................          {
....................                n=0;
0043A:  CLRF   21
....................          }
....................          
....................          m++;
0043C:  INCF   23,F
....................          trst++;
0043E:  INCF   22,F
00440:  BRA    03A6
....................       }
00442:  GOTO   04F4 (RETURN)
.................... }
.................... 
.................... //Bat tat tu ngoai vao
.................... void on_off_fo ()
.................... {
....................       n = 0;
*
00302:  CLRF   21
....................       while (n < 2) 
00304:  MOVF   21,W
00306:  SUBLW  01
00308:  BNC   03A0
....................       {
....................          //Bat tu ngoai vao
....................          if (m <=16)
0030A:  MOVF   23,W
0030C:  SUBLW  10
0030E:  BNC   035C
....................          {
....................             led32.ledx16[1] =~ (0xffff << m);
00310:  SETF   03
00312:  SETF   02
00314:  MOVF   23,W
00316:  MOVWF  00
00318:  BZ    0324
0031A:  BCF    FD8.0
0031C:  RLCF   02,F
0031E:  RLCF   03,F
00320:  DECFSZ 00,F
00322:  BRA    031A
00324:  MOVF   02,W
00326:  XORLW  FF
00328:  MOVWF  0A
0032A:  MOVLW  FF
0032C:  XORWF  03,W
0032E:  MOVWF  0B
....................             led32.ledx16[0] =~ (0xffff >> m);
00330:  SETF   03
00332:  SETF   02
00334:  MOVF   23,W
00336:  MOVWF  00
00338:  BZ    0344
0033A:  BCF    FD8.0
0033C:  RRCF   03,F
0033E:  RRCF   02,F
00340:  DECFSZ 00,F
00342:  BRA    033A
00344:  MOVF   02,W
00346:  XORLW  FF
00348:  MOVWF  08
0034A:  MOVLW  FF
0034C:  XORWF  03,W
0034E:  MOVWF  09
....................             led32_display();
00350:  RCALL  0088
....................             delay_ms (100);
00352:  MOVLW  64
00354:  MOVWF  26
00356:  RCALL  0004
....................             m++;
00358:  INCF   23,F
....................          }
0035A:  BRA    035E
....................          else
....................          {
....................             m=0;
0035C:  CLRF   23
....................          }
....................          //Tat tu ngoai vao
....................          if (m <=16)
0035E:  MOVF   23,W
00360:  SUBLW  10
00362:  BNC   0398
....................          {
....................             led32.ledx16[1] = (0xffff << m);
00364:  SETF   0B
00366:  SETF   0A
00368:  MOVF   23,W
0036A:  MOVWF  00
0036C:  BZ    0378
0036E:  BCF    FD8.0
00370:  RLCF   0A,F
00372:  RLCF   0B,F
00374:  DECFSZ 00,F
00376:  BRA    036E
....................             led32.ledx16[0] = (0xffff >> m);
00378:  SETF   09
0037A:  SETF   08
0037C:  MOVF   23,W
0037E:  MOVWF  00
00380:  BZ    038C
00382:  BCF    FD8.0
00384:  RRCF   09,F
00386:  RRCF   08,F
00388:  DECFSZ 00,F
0038A:  BRA    0382
....................             led32_display();
0038C:  RCALL  0088
....................             delay_ms (100);
0038E:  MOVLW  64
00390:  MOVWF  26
00392:  RCALL  0004
....................             m++;
00394:  INCF   23,F
....................          }  
00396:  BRA    039A
....................          else
....................          {
....................             m=0;
00398:  CLRF   23
....................          }
....................          n++;
0039A:  INCF   21,F
....................          trst++;
0039C:  INCF   22,F
0039E:  BRA    0304
....................        }
003A0:  GOTO   04F4 (RETURN)
.................... 
.................... }
.................... 
.................... 
.................... void main()
*
00446:  CLRF   FF8
00448:  BCF    FD0.7
0044A:  BCF    F63.5
0044C:  MOVLW  00
0044E:  MOVWF  F64
00450:  MOVLW  20
00452:  MOVWF  F63
00454:  BCF    F95.4
00456:  BSF    F95.5
00458:  BCF    F95.6
0045A:  CLRF   21
0045C:  CLRF   22
0045E:  MOVF   FC1,W
00460:  ANDLW  C0
00462:  IORLW  0F
00464:  MOVWF  FC1
00466:  MOVLW  07
00468:  MOVWF  FB4
0046A:  SETF   0C
0046C:  SETF   0D
0046E:  SETF   0E
00470:  SETF   0F
00472:  SETF   10
00474:  SETF   11
00476:  SETF   12
00478:  SETF   13
0047A:  SETF   14
0047C:  SETF   15
0047E:  SETF   16
00480:  SETF   17
00482:  SETF   18
00484:  SETF   19
00486:  SETF   1A
00488:  SETF   1B
0048A:  SETF   1C
0048C:  SETF   1D
0048E:  CLRF   1E
00490:  CLRF   1F
00492:  CLRF   20
.................... {
....................    system_init();  // Bien dich thanh cong - Go 2-3 chu dau - roi nhan Ctr + Khoang trang
00494:  BRA    019E
....................    while (true)
....................    {
....................          if (trst==0) led_flash ();
00496:  MOVF   22,F
00498:  BNZ   049E
0049A:  RCALL  01DC
0049C:  BRA    04F4
....................          else if (trst==1) on_r2l();
0049E:  DECFSZ 22,W
004A0:  BRA    04A6
004A2:  BRA    01FA
004A4:  BRA    04F4
....................          else if (trst==2) off_r2l();
004A6:  MOVF   22,W
004A8:  SUBLW  02
004AA:  BNZ   04B0
004AC:  BRA    0248
004AE:  BRA    04F4
....................          else if (trst==3) led_flash();
004B0:  MOVF   22,W
004B2:  SUBLW  03
004B4:  BNZ   04BA
004B6:  RCALL  01DC
004B8:  BRA    04F4
....................          else if (trst==4) on_l2r();
004BA:  MOVF   22,W
004BC:  SUBLW  04
004BE:  BNZ   04C4
004C0:  BRA    027E
004C2:  BRA    04F4
....................          else if (trst==5) off_l2r();
004C4:  MOVF   22,W
004C6:  SUBLW  05
004C8:  BNZ   04CE
004CA:  BRA    02CC
004CC:  BRA    04F4
....................          else if (trst==6) led_flash();
004CE:  MOVF   22,W
004D0:  SUBLW  06
004D2:  BNZ   04D8
004D4:  RCALL  01DC
004D6:  BRA    04F4
....................          else if (trst==7) on_off_fo ();
004D8:  MOVF   22,W
004DA:  SUBLW  07
004DC:  BNZ   04E2
004DE:  BRA    0302
004E0:  BRA    04F4
....................          else if (trst==8) led_flash();
004E2:  MOVF   22,W
004E4:  SUBLW  08
004E6:  BNZ   04EC
004E8:  RCALL  01DC
004EA:  BRA    04F4
....................          else if (trst==9) on_off_fi ();
004EC:  MOVF   22,W
004EE:  SUBLW  09
004F0:  BTFSC  FD8.2
004F2:  BRA    03A4
004F4:  BRA    0496
....................    }
.................... }
.................... 
004F6:  SLEEP 
.................... 

Configuration Fuses:
   Word  1: C200   HS FCMEN IESO
   Word  2: 1E1E   PUT BROWNOUT BORV21 NOWDT WDT32768
   Word  3: 85F3   CCP2C1 LPT1OSC MCLR
   Word  4: 00B1   STVREN NOLVP NOXINST NODEBUG
   Word  5: C0FF   NOPROTECT NOCPB NOCPD
   Word  6: E0FF   NOWRT NOWRTC NOWRTB NOWRTD
   Word  7: 40FF   NOEBTR NOEBTRB
