CCS PCH C Compiler, Version 5.109, 43599               10-May-26 18:38

               Filename:   C:\TTVXL\Thuc Hanh\BAI_324_16LED_UP_DW_CLR_2.lst

               ROM used:   1930 bytes (1%)
                           Largest free fragment is 65536
               RAM used:   37 (1%) at main() level
                           56 (1%) worst case
               Stack used: 0 locations
               Stack size: 31

*
00000:  GOTO   071C
.................... //!#define   board    D501     // Co dong nay thi chay that. Bo dong nay thi mo phong
.................... #include<tv_boards.c>
.................... #ifndef    __TV_BOARDS_C__
.................... #define    __TV_BOARDS_C__
.................... #define    D401          1
.................... #define    D501          2
.................... #define    D503          3
.................... #define    MOPHONG       4
.................... #ifndef    BOARD
.................... #define    BOARD         MOPHONG
.................... #endif
.................... #if  BOARD ==  D401
.................... #include <TV_D401_TH.C>
.................... 
.................... #elif  BOARD ==  D501
.................... #include <TV_D501_TH.C>
....................  
.................... #elif  BOARD ==  D503
.................... #include <TV_D501_TH.C>
.................... 
.................... #else 
.................... #include <TV_MOPHONG.C>
.................... #ifndef    __TV_MOPHONG_C__
.................... #define    __TV_MOPHONG_C__
.................... #include<TV_MOPHONG.h>
.................... #ifndef    __TV_MOPHONG_H__
.................... #define    __TV_MOPHONG_H__
.................... #include    <18f6722.h>
.................... //////////// Standard Header file for the PIC18F6722 device ////////////////
.................... ///////////////////////////////////////////////////////////////////////////
.................... ////        (C) Copyright 1996, 2020 Custom Computer Services          ////
.................... //// This source code may only be used by licensed users of the CCS C  ////
.................... //// compiler.  This source code may only be distributed to other      ////
.................... //// licensed users of the CCS C compiler.  No other use, reproduction ////
.................... //// or distribution is permitted without written permission.          ////
.................... //// Derivative programs created using this software in object code    ////
.................... //// form are not restricted in any way.                               ////
.................... ///////////////////////////////////////////////////////////////////////////
.................... #device PIC18F6722
*
001DC:  MOVF   26,W
001DE:  ANDLW  07
001E0:  MOVWF  00
001E2:  RRCF   26,W
001E4:  MOVWF  01
001E6:  RRCF   01,F
001E8:  RRCF   01,F
001EA:  MOVLW  1F
001EC:  ANDWF  01,F
001EE:  MOVF   01,W
001F0:  ADDWF  28,W
001F2:  MOVWF  FE9
001F4:  MOVLW  00
001F6:  ADDWFC 29,W
001F8:  MOVWF  FEA
001FA:  CLRF   01
001FC:  INCF   01,F
001FE:  INCF   00,F
00200:  BRA    0204
00202:  RLCF   01,F
00204:  DECFSZ 00,F
00206:  BRA    0202
00208:  MOVF   27,F
0020A:  BZ    0212
0020C:  MOVF   01,W
0020E:  IORWF  FEF,F
00210:  BRA    0218
00212:  COMF   01,F
00214:  MOVF   01,W
00216:  ANDWF  FEF,F
00218:  RETURN 0
0021A:  MOVF   26,W
0021C:  ANDLW  07
0021E:  MOVWF  00
00220:  RRCF   26,W
00222:  MOVWF  01
00224:  RRCF   01,F
00226:  RRCF   01,F
00228:  MOVLW  1F
0022A:  ANDWF  01,F
0022C:  MOVF   01,W
0022E:  ADDWF  27,W
00230:  MOVWF  FE9
00232:  MOVLW  00
00234:  ADDWFC 28,W
00236:  MOVWF  FEA
00238:  MOVFF  FEF,01
0023C:  INCF   00,F
0023E:  BRA    0242
00240:  RRCF   01,F
00242:  DECFSZ 00,F
00244:  BRA    0240
00246:  MOVLW  01
00248:  ANDWF  01,F
0024A:  RETURN 0
0024C:  BTFSC  FD8.1
0024E:  BRA    0256
00250:  CLRF   FEA
00252:  MOVLW  32
00254:  MOVWF  FE9
00256:  CLRF   00
00258:  CLRF   01
0025A:  CLRF   02
0025C:  CLRF   03
0025E:  CLRF   32
00260:  CLRF   33
00262:  CLRF   34
00264:  CLRF   35
00266:  MOVF   31,W
00268:  IORWF  30,W
0026A:  IORWF  2F,W
0026C:  IORWF  2E,W
0026E:  BZ    02C8
00270:  MOVLW  20
00272:  MOVWF  36
00274:  BCF    FD8.0
00276:  RLCF   2A,F
00278:  RLCF   2B,F
0027A:  RLCF   2C,F
0027C:  RLCF   2D,F
0027E:  RLCF   32,F
00280:  RLCF   33,F
00282:  RLCF   34,F
00284:  RLCF   35,F
00286:  MOVF   31,W
00288:  SUBWF  35,W
0028A:  BNZ   029C
0028C:  MOVF   30,W
0028E:  SUBWF  34,W
00290:  BNZ   029C
00292:  MOVF   2F,W
00294:  SUBWF  33,W
00296:  BNZ   029C
00298:  MOVF   2E,W
0029A:  SUBWF  32,W
0029C:  BNC   02BC
0029E:  MOVF   2E,W
002A0:  SUBWF  32,F
002A2:  MOVF   2F,W
002A4:  BTFSS  FD8.0
002A6:  INCFSZ 2F,W
002A8:  SUBWF  33,F
002AA:  MOVF   30,W
002AC:  BTFSS  FD8.0
002AE:  INCFSZ 30,W
002B0:  SUBWF  34,F
002B2:  MOVF   31,W
002B4:  BTFSS  FD8.0
002B6:  INCFSZ 31,W
002B8:  SUBWF  35,F
002BA:  BSF    FD8.0
002BC:  RLCF   00,F
002BE:  RLCF   01,F
002C0:  RLCF   02,F
002C2:  RLCF   03,F
002C4:  DECFSZ 36,F
002C6:  BRA    0274
002C8:  MOVFF  32,FEF
002CC:  MOVFF  33,FEC
002D0:  MOVFF  34,FEC
002D4:  MOVFF  35,FEC
002D8:  RETURN 0
*
0054C:  ADDWF  FE8,W
0054E:  CLRF   FF7
00550:  RLCF   FF7,F
00552:  ADDLW  6D
00554:  MOVWF  FF6
00556:  MOVLW  05
00558:  ADDWFC FF7,F
0055A:  MOVLW  00
0055C:  MOVWF  FF8
0055E:  MOVWF  FFB
00560:  TBLRD*-
00562:  MOVF   FF5,W
00564:  MOVWF  FFA
00566:  TBLRD*
00568:  MOVF   FF5,W
0056A:  MOVWF  FF9
0056C:  DATA DE,03
0056E:  DATA 1A,04
00570:  DATA 80,04
00572:  DATA E6,04
.................... 
.................... #list
.................... 
.................... #device     adc =10
.................... #fuses      hs,PUT, NOWDT
.................... #use        delay(clock=20M)
*
00004:  CLRF   FEA
00006:  MOVLW  26
00008:  MOVWF  FE9
0000A:  MOVF   FEF,W
0000C:  BTFSC  FD8.2
0000E:  GOTO   002C
00012:  MOVLW  06
00014:  MOVWF  01
00016:  CLRF   00
00018:  DECFSZ 00,F
0001A:  BRA    0018
0001C:  DECFSZ 01,F
0001E:  BRA    0016
00020:  MOVLW  7B
00022:  MOVWF  00
00024:  DECFSZ 00,F
00026:  BRA    0024
00028:  DECFSZ FEF,F
0002A:  BRA    0012
0002C:  RETURN 0
.................... #USE        SPI(SPI2,STREAM = SPI_2,baud=5000000)
.................... #include    <math.h>
.................... ////////////////////////////////////////////////////////////////////////////
.................... ////        (C) Copyright 1996,2011 Custom Computer Services            ////
.................... //// This source code may only be used by licensed users of the CCS C   ////
.................... //// compiler.  This source code may only be distributed to other       ////
.................... //// licensed users of the CCS C compiler.  No other use, reproduction  ////
.................... //// or distribution is permitted without written permission.           ////
.................... //// Derivative programs created using this software in object code     ////
.................... //// form are not restricted in any way.                                ////
.................... ////////////////////////////////////////////////////////////////////////////
.................... ////                                                                    ////
.................... //// History:                                                           ////
.................... ////  * 9/20/2001 :  Improvments are made to sin/cos code.              ////
.................... ////                 The code now is small, much faster,                ////
.................... ////                 and more accurate.                                 ////
.................... ////  * 2/21/2007 :  Compiler handles & operator differently and does   ////
.................... ////                 not return generic (int8 *) so type cast is done   ////
.................... ////  * 6/19/2010 :  Divisions by constants converted to multiplication ////
.................... ////                 by its inverse to improve computation speed        ////
.................... ////  * 1/21/2011 :  Constants used for double precision math updated   ////
.................... ////                 Updated routines include 64 bit versions of cos,   ////
.................... ////                 asin,atan,exp,log and dependant functions          ////
.................... ////  * 1/31/2011 :  Optimized current 32-bit float routines for cos    ////
.................... ////                 and log function                                   ////
.................... ////  * 6/13/2011 :  Fixed PCD overload CEIL_FLOOR functions for values ////
.................... ////                 greater then 10000000 and less then -10000000      ////
.................... ////                                                                    ////
.................... ////////////////////////////////////////////////////////////////////////////
.................... 
.................... #ifndef MATH_H
.................... #define MATH_H
.................... 
.................... #ifdef PI
.................... #undef  PI
.................... #endif
.................... #define PI     3.1415926535897932
.................... 
.................... 
.................... #define SQRT2  1.4142135623730950
.................... 
.................... //float const ps[4] = {5.9304945, 21.125224, 8.9403076, 0.29730279};
.................... //float const qs[4] = {1.0000000, 15.035723, 17.764134, 2.4934718};
.................... 
.................... ///////////////////////////// Round Functions //////////////////////////////
.................... 
.................... float32 CEIL_FLOOR(float32 x, unsigned int8 n)
.................... {
....................    float32 y, res;
....................    unsigned int16 l;
....................    int1 s;
.................... 
....................    s = 0;
....................    y = x;
.................... 
....................    if (x < 0)
....................    {
....................       s = 1;
....................       y = -y;
....................    }
.................... 
....................    if (y <= 32768.0)
....................       res = (float32)(unsigned int16)y;
.................... 
....................  else if (y < 10000000.0)
....................    { 
....................       l = (unsigned int16)(y*0.000030517578125);
....................       y = 32768.0*(y*0.000030517578125 - (float32)l);
....................       res = 32768.0*(float32)l;
....................       res += (float32)(unsigned int16)y;
....................    }
.................... 
....................  else
....................   res = y;
.................... 
....................  y = y - (float32)(unsigned int16)y;
.................... 
....................  if (s)
....................   res = -res;
.................... 
....................  if (y != 0)
....................  {
....................   if (s == 1 && n == 0)
....................    res -= 1.0;
.................... 
....................   if (s == 0 && n == 1)
....................    res += 1.0;
....................  }
....................  if (x == 0)
....................     res = 0;
.................... 
....................  return (res);
.................... }
.................... 
.................... // Overloaded Functions to take care for new Data types in PCD
.................... // Overloaded function CEIL_FLOOR() for data type - Float48
.................... #if defined(__PCD__)
.................... float48 CEIL_FLOOR(float48 x, unsigned int8 n)
.................... {
....................    float48 y, res;
....................    unsigned int32 l;
....................    int1 s;
.................... 
....................    s = 0;
....................    y = x;
.................... 
....................    if (x < 0)
....................    {
....................       s = 1;
....................       y = -y;
....................    }
.................... 
....................    if (y <= 32768.0)
....................       res = (float48)(unsigned int16)y;
.................... 
....................    else if (y < 549755813888.0)
....................    {
....................       l = (unsigned int32)(y*0.000030517578125);
....................       y = 32768.0*(y*0.000030517578125 - (float48)l);
....................       res = 32768.0*(float48)l;
....................       res += (float48)(unsigned int16)y;
....................    }
....................    else
....................    {  
....................       res = y;
....................       y = 0.0;
....................    }
....................    
....................    if(y != 0)
....................       y = y - (float48)(unsigned int16)y;
.................... 
....................    if (s)
....................       res = -res;
.................... 
....................    if (y != 0)
....................    {
....................       if (s == 1 && n == 0)
....................          res -= 1.0;
.................... 
....................       if (s == 0 && n == 1)
....................          res += 1.0;
....................    }
....................    if (x == 0)
....................       res = 0;
.................... 
....................    return (res);
.................... }
.................... 
.................... 
.................... // Overloaded function CEIL_FLOOR() for data type - Float64
.................... float64 CEIL_FLOOR(float64 x, unsigned int8 n)
.................... {
....................    float64 y, res;
....................    int64 l;
....................    int1 s;
.................... 
....................    s = 0;
....................    y = x;
.................... 
....................    if (x < 0)
....................    {
....................       s = 1;
....................       y = -y;
....................    }
.................... 
....................    if (y <= 32768.0)
....................       res = (float64)(unsigned int16)y;
....................    else if (y < 4503599627370496.0)
....................    {
....................       l = (int64)(y*0.000030517578125);
....................       y = 32768.0*(y*0.000030517578125 - (float64)l);
....................       res = 32768.0*(float64)l;
....................       res += (float64)(unsigned int16)y;
....................    }
....................    else
....................    {
....................       res = y;
....................       y = 0.0;
....................    }
....................    
....................    if(y != 0)
....................       y = y - (float64)(unsigned int16)y;
.................... 
....................    if (s)
....................       res = -res;
.................... 
....................    if (y != 0)
....................    {
....................       if (s == 1 && n == 0)
....................          res -= 1.0;
.................... 
....................       if (s == 0 && n == 1)
....................          res += 1.0;
....................    }
....................    
....................    if (x == 0)
....................       res = 0;
.................... 
....................    return (res);
.................... }
.................... #endif
.................... 
.................... ////////////////////////////////////////////////////////////////////////////
.................... //   float floor(float x)
.................... ////////////////////////////////////////////////////////////////////////////
.................... // Description : rounds down the number x.
.................... // Date : N/A
.................... //
.................... float32 floor(float32 x)
.................... {
....................    return CEIL_FLOOR(x,0);
.................... }
.................... // Following 2 functions are overloaded functions of floor() for PCD
.................... // Overloaded function floor() for data type - Float48
.................... #if defined(__PCD__)
.................... float48 floor(float48 x)
.................... {
....................    return CEIL_FLOOR(x, 0);
.................... }
.................... 
.................... // Overloaded function floor() for data type - Float64
.................... float64 floor(float64 x)
.................... {
....................    return CEIL_FLOOR(x, 0);
.................... }
.................... #endif
.................... 
.................... 
.................... ////////////////////////////////////////////////////////////////////////////
.................... //   float ceil(float x)
.................... ////////////////////////////////////////////////////////////////////////////
.................... // Description : rounds up the number x.
.................... // Date : N/A
.................... //
.................... float32 ceil(float32 x)
.................... {
....................    return CEIL_FLOOR(x, 1);
.................... }
.................... // Following 2 functions are overloaded functions of ceil() for PCD
.................... // Overloaded function ceil() for data type - Float48
.................... #if defined(__PCD__)
.................... float48 ceil(float48 x)
.................... {
....................    return CEIL_FLOOR(x, 1);
.................... }
.................... 
.................... // Overloaded function ceil() for data type - Float64
.................... float64 ceil(float64 x)
.................... {
....................    return CEIL_FLOOR(x, 1);
.................... }
.................... #endif
.................... 
....................  ////////////////////////////////////////////////////////////////////////////
.................... //   float fabs(float x)
.................... ////////////////////////////////////////////////////////////////////////////
.................... // Description : Computes the absolute value of floating point number x
.................... // Returns : returns the absolute value of x
.................... // Date : N/A
.................... //
.................... #define fabs abs
.................... 
.................... ////////////////////////////////////////////////////////////////////////////
.................... //   float fmod(float x)
.................... ////////////////////////////////////////////////////////////////////////////
.................... // Description : Computes the floating point remainder of x/y
.................... // Returns : returns the value of x= i*y, for some integer i such that, if y
.................... // is non zero, the result has the same isgn of x na dmagnitude less than the
.................... // magnitude of y. If y is zero then a domain error occurs.
.................... // Date : N/A
.................... //
.................... 
.................... float fmod(float32 x,float32 y)
.................... {
....................    float32 i;
....................    if (y!=0.0)
....................    {
....................       i=(x/y < 0.0)? ceil(x/y): floor(x/y);
....................       return(x-(i*y));
....................    }
....................    else
....................    {
....................    #ifdef _ERRNO
....................    {
....................       errno=EDOM;
....................    }
....................    #endif
....................    }
.................... }
.................... //Overloaded function for fmod() for PCD
.................... // Overloaded function fmod() for data type - Float48
.................... #if defined(__PCD__)
.................... float48 fmod(float48 x,float48 y)
.................... {
....................    float48 i;
....................    if (y!=0.0)
....................    {
....................       i=(x/y < 0.0)? ceil(x/y): floor(x/y);
....................       return(x-(i*y));
....................    }
....................    else
....................    {
....................    #ifdef _ERRNO
....................    {
....................       errno=EDOM;
....................    }
....................    #endif
....................    }
.................... }
.................... // Overloaded function fmod() for data type - Float64
.................... float64 fmod(float64 x,float64 y)
.................... {
....................    float64 i;
....................    if (y!=0.0)
....................    {
....................       i=(x/y < 0.0)? ceil(x/y): floor(x/y);
....................       return(x-(i*y));
....................    }
....................    else
....................    {
....................    #ifdef _ERRNO
....................    {
....................       errno=EDOM;
....................    }
....................    #endif
....................    }
.................... }
.................... #endif
.................... //////////////////// Exponential and logarithmic functions ////////////////////
.................... ////////////////////////////////////////////////////////////////////////////
.................... //   float exp(float x)
.................... ////////////////////////////////////////////////////////////////////////////
.................... // Description : returns the value (e^x)
.................... // Date : N/A
.................... //
.................... #define LN2 0.6931471805599453
.................... #define LN2_INV 1.4426950408889634073
.................... 
.................... float const pe[6] = {0.000207455774, 0.00127100575, 0.00965065093,
....................                      0.0554965651,  0.240227138,  0.693147172};
.................... 
.................... 
.................... float32 exp(float32 x)
.................... {
....................    float32 y, res, r;
....................    #if defined(__PCD__)
....................    int8 data1;
....................    #endif
....................    signed int8 n;
....................    int1 s;
....................    #ifdef _ERRNO
....................    if(x > 88.722838)
....................    {
....................       errno=ERANGE;
....................       return(0);
....................    }
....................    #endif
....................    n = (signed int16)(x*LN2_INV);
....................    s = 0;
....................    y = x;
.................... 
....................    if (x < 0)
....................    {
....................       s = 1;
....................       n = -n;
....................       y = -y;
....................    }
.................... 
....................    res = 0.0;
.................... #if !defined(__PCD__)
....................    *((unsigned int8 *)(&res)) = n + 0x7F;
.................... #endif
.................... 
.................... #if defined(__PCD__)  // Takes care of IEEE format for PCD
....................    data1 = n+0x7F;
....................    if(bit_test(data1,0))
....................    bit_set(*(((unsigned int8 *)(&res)+2)),7);
....................    rotate_right(&data1,1);
....................    bit_clear(data1,7);
....................    *(((unsigned int8 *)(&res)+3)) = data1;
.................... #endif
.................... 
....................    y = y*LN2_INV - (float32)n;
.................... 
....................    r = pe[0]*y + pe[1];
....................    r = r*y + pe[2];
....................    r = r*y + pe[3];
....................    r = r*y + pe[4];
....................    r = r*y + pe[5];
.................... 
....................    res = res*(1.0 + y*r);
.................... 
....................    if (s)
....................       res = 1.0/res;
....................    return(res);
.................... }
.................... 
.................... 
.................... //Overloaded function for exp() for PCD
.................... // Overloaded function exp() for data type - Float48
.................... #if defined(__PCD__)
.................... float48 exp(float48 x)
.................... {
....................    float48 y, res, r;
....................    int8 data1;
....................    signed int8 n;
....................    int1 s;
....................    #ifdef _ERRNO
....................    if(x > 88.722838)
....................    {
....................       errno=ERANGE;
....................       return(0);
....................    }
....................    #endif
....................    n = (signed int16)(x*LN2_INV);
....................    s = 0;
....................    y = x;
.................... 
....................    if (x < 0)
....................    {
....................       s = 1;
....................       n = -n;
....................       y = -y;
....................    }
.................... 
....................    res = 0.0;
.................... 
....................    data1 = n+0x7F;
....................    if(bit_test(data1,0))
....................    bit_set(*(((unsigned int8 *)(&res)+4)),7);
....................    rotate_right(&data1,1);
....................    bit_clear(data1,7);
....................    *(((unsigned int8 *)(&res)+5)) = data1;
.................... 
....................    y = y*LN2_INV - (float48)n;
.................... 
....................    r = pe[0]*y + pe[1];
....................    r = r*y + pe[2];
....................    r = r*y + pe[3];
....................    r = r*y + pe[4];
....................    r = r*y + pe[5];
.................... 
....................    res = res*(1.0 + y*r);
.................... 
....................    if (s)
....................       res = 1.0/res;
....................    return(res);
.................... }
.................... 
.................... // Overloaded function exp() for data type - Float64
.................... float64 const pe_64[12] ={9.30741400474913e-011,-4.28655416283316e-011,
....................                           8.71486547014137e-009,9.84458531538385e-008,
....................                           1.32588296983536e-006,1.52489283823016e-005,
....................                           0.000154037598423921,0.00133335487036216,
....................                           0.00961812936407326,0.0555041086222122,
....................                           0.240226506962827,0.693147180559823};
.................... 
.................... float64 exp(float64 x)
.................... {
....................    float64 y, res, r;
....................    unsigned int16 data1, data2;
....................    unsigned int16 *p;
....................    signed int16 n;
....................    int1 s;
....................    #ifdef _ERRNO
....................    if(x > 709.7827128)
....................    {
....................       errno=ERANGE;
....................       return(0);
....................    }
....................    #endif
....................    y = x*LN2_INV;
....................    n = (signed int16)y;
....................    s = 0;
....................    y = x;
.................... 
....................    if (x < 0)
....................    {
....................       s = 1;
....................       n = -n;
....................       y = -y;
....................    }
.................... 
....................    res = 0.0;
.................... 
.................... #if !defined(__PCD__)
....................    *((unsigned int16 *)(&res)) = n + 0x7F;
.................... #endif
....................    p= (((unsigned int16 *)(&res))+3);
....................    data1 = *p;
....................    data2 = *p;   
....................    data1 = n + 0x3FF;
....................    data1 = data1 <<4;
....................    if(bit_test(data2,15))
....................    bit_set(data1,15);
....................    data2 = data2 & 0x000F;
....................    data1 ^= data2;
.................... 
....................    *(((unsigned int16 *)(&res)+3)) = data1;
.................... 
.................... 
....................    y = y*LN2_INV - (float64)n;
.................... 
....................    r = pe_64[0]*y + pe_64[1];
....................    r = r*y + pe_64[2];
....................    r = r*y + pe_64[3];
....................    r = r*y + pe_64[4];
....................    r = r*y + pe_64[5];
....................    r = r*y + pe_64[6];
....................    r = r*y + pe_64[7];
....................    r = r*y + pe_64[8];
....................    r = r*y + pe_64[9];
....................    r = r*y + pe_64[10];
....................    r = r*y + pe_64[11];
....................    
....................    res = res*(1.0 + y*r);
.................... 
....................    if (s)
....................       res = 1.0/res;
....................    return(res);
.................... }
.................... #ENDIF
.................... 
.................... 
.................... /************************************************************/
.................... 
.................... float32 const pl[4] = {-1.080310025160955, 1.999999947089217};
.................... float32 const ql[4] = {0.091284365719509, -0.873491916557671};
.................... 
.................... ////////////////////////////////////////////////////////////////////////////
.................... //   float log(float x)
.................... ////////////////////////////////////////////////////////////////////////////
.................... // Description : returns the the natural log of x
.................... // Date : N/A
.................... //
.................... float32 log(float32 x)
.................... {
....................    float32 y, res, r, y2;
....................    #if defined(__PCD__)
....................    unsigned int8  data1,data2;
....................    #endif
....................    signed int8 n;
....................    #ifdef _ERRNO
....................    if(x <0)
....................    {
....................       errno=EDOM;
....................    }
....................    if(x ==0)
....................    {
....................       errno=ERANGE;
....................       return(0);
....................    }
....................    #endif
....................    y = x;
.................... 
....................    if (y != 1.0)
....................    {
.................... #if !defined(__PCD__)
....................     *((unsigned int8 *)(&y)) = 0x7E; 
.................... #endif
.................... 
.................... #if defined(__PCD__) // Takes care of IEEE format
....................    data2 = *(((unsigned int8 *)(&y))+3);
....................    *(((unsigned int8 *)(&y))+3) = 0x3F;
....................    data1 = *(((unsigned int8 *)(&y))+2);
....................    bit_clear(data1,7);
....................    *(((unsigned int8 *)(&y))+2) = data1;
....................    if(bit_test(data2,7))
....................      bit_set(*(((unsigned int8 *)(&y))+3),7);
.................... #endif
.................... 
....................       y = (y - 1.0)/(y + 1.0);
.................... 
....................       y2=y*y;
.................... 
....................       res = pl[0]*y2 + pl[1];
.................... 
....................       r = ql[0]*y2 + ql[1];
....................       r = r*y2 + 1.0;
.................... 
....................       res = y*res/r;
.................... #if !defined(__PCD__)
....................       n = *((unsigned int8 *)(&x)) - 0x7E;
.................... #endif
.................... #if defined(__PCD__) 
....................     data1 = *(((unsigned int8 *)(&x)+3));
....................     rotate_left(&data1,1);
....................     data2 = *(((unsigned int8 *)(&x)+2));
....................     if(bit_test (data2,7))
....................       bit_set(data1,0);
....................     n = data1 - 0x7E;
.................... #endif
.................... 
....................       if (n<0) 
....................          r = -(float32)-n;
....................       else
....................          r = (float32)n;
.................... 
....................       res += r*LN2;
....................    }
.................... 
....................    else
....................       res = 0.0;
.................... 
....................    return(res);
.................... }
.................... 
.................... //Overloaded function for log() for PCD
.................... // Overloaded function log() for data type - Float48
.................... #if defined(__PCD__)
.................... // Overloaded function log() for data type - float64
.................... float64 const pl_64[4] = {-0.145694052150681, 1.365485300000370,
....................                           -3.120535668274329, 2.000000000000000};
.................... 
.................... float64 const ql_64[4] = {0.006047500465908, -0.208298281937234,
....................                           1.113943039156721, -1.893601167470470};
.................... 
.................... float48 log(float48 x)
.................... {
....................    float48 y, res, r, y2;
....................    unsigned int8  data1,data2;
....................    signed int8 n;
.................... #ifdef _ERRNO
....................    if(x <0)
....................    {
....................       errno=EDOM;
....................    }
....................    if(x ==0)
....................    {
....................       errno=ERANGE;
....................       return(0);
....................    }
.................... #endif
....................    y = x;
.................... 
....................    if (y != 1.0)
....................    {
.................... 
.................... #if !defined(__PCD__)
....................       *((unsigned int8 *)(&y)) = 0x7E; 
.................... #endif
....................       data2 = *(((unsigned int8 *)(&y))+5);
....................       *(((unsigned int8 *)(&y))+5) = 0x3F;
....................       data1 = *(((unsigned int8 *)(&y))+4);
....................       bit_clear(data1,7);
....................       *(((unsigned int8 *)(&y))+4) = data1;
.................... 
....................       if(bit_test(data2,7))
....................       bit_set(*(((unsigned int8 *)(&y))+4),7);
....................       y = (y - 1.0)/(y + 1.0);
.................... 
....................       y2=y*y;
.................... 
....................       res = pl_64[0]*y2 + pl_64[1];
....................       res = res*y2 + pl_64[2];
....................       res = res*y2 + pl_64[3];
.................... 
....................       r = ql_64[0]*y2 + ql_64[1];
....................       r = r*y2 + ql_64[2];
....................       r = r*y2 + ql_64[3];
....................       r = r*y2 + 1.0; 
....................       res = y*res/r;
.................... 
....................       data1 = *(((unsigned int8 *)(&x)+5));
....................       rotate_left(&data1,1);
....................       data2 = *(((unsigned int8 *)(&x)+4));
....................       if(bit_test (data2,7))
....................       bit_set(data1,0);
....................       
....................       n = data1 - 0x7E;
.................... 
....................       if (n<0)
....................       r = -(float48)-n;
....................       else
....................       r = (float48)n;
.................... 
....................       res += r*LN2;
....................    }
.................... 
....................    else
....................    res = 0.0;
.................... 
....................    return(res);
.................... }
.................... 
.................... float64 log(float64 x)
.................... {
....................    float64 y, res, r, y2;
....................    unsigned int16  data1,data2;
....................    unsigned int16 *p;
....................    signed int16 n;
....................    #ifdef _ERRNO
....................    if(x <0)
....................    {
....................       errno=EDOM;
....................    }
....................    if(x ==0)
....................    {
....................       errno=ERANGE;
....................       return(0);
....................    }
....................    #endif
....................    y = x;
.................... 
....................    if (y != 1.0)
....................    {
....................    #if !defined(__PCD__)
....................        *((unsigned int8 *)(&y)) = 0x7E; 
....................    #endif
....................       p= (((unsigned int16 *)(&y))+3);
....................       data1 = *p;
....................       data2 = *p;
....................       data1 = 0x3FE;
....................       data1 = data1 <<4;
....................       if(bit_test (data2,15))
....................          bit_set(data1,15);
....................       data2 = data2 & 0x000F;
....................       data1 ^=data2;
.................... 
....................       *p = data1;
.................... 
....................       y = (y - 1.0)/(y + 1.0);
.................... 
....................       y2=y*y;
.................... 
....................       res = pl_64[0]*y2 + pl_64[1];
....................       res = res*y2 + pl_64[2];
....................       res = res*y2 + pl_64[3];
.................... 
....................       r = ql_64[0]*y2 + ql_64[1];
....................       r = r*y2 + ql_64[2];
....................       r = r*y2 + ql_64[3];
....................       r = r*y2 + 1.0;
.................... 
....................       res = y*res/r;
....................  
....................       p= (((unsigned int16 *)(&x))+3);
....................       data1 = *p;
....................       bit_clear(data1,15);
....................       data1 = data1 >>4;    
....................       n = data1 - 0x3FE;
.................... 
.................... 
....................       if (n<0)
....................          r = -(float64)-n;
....................       else
....................          r = (float64)n;
.................... 
....................       res += r*LN2;
....................    }
.................... 
....................    else
....................       res = 0.0;
.................... 
....................    return(res);
.................... }
.................... #endif
.................... 
.................... 
.................... #define LN10 2.3025850929940456
.................... #define LN10_INV 0.4342944819032518276
.................... 
.................... ////////////////////////////////////////////////////////////////////////////
.................... //   float log10(float x)
.................... ////////////////////////////////////////////////////////////////////////////
.................... // Description : returns the the log base 10 of x
.................... // Date : N/A
.................... //
.................... float32 log10(float32 x)
.................... {
....................    float32 r;
.................... 
....................    r = log(x);
....................    r = r*LN10_INV;
....................    return(r);
.................... }
.................... 
.................... //Overloaded functions for log10() for PCD
.................... // Overloaded function log10() for data type - Float48
.................... #if defined(__PCD__)
.................... float48 log10(float48 x)
.................... {
....................    float48 r;
.................... 
....................    r = log(x);
....................    r = r*LN10_INV;
....................    return(r);
.................... }
.................... 
.................... // Overloaded function log10() for data type - Float64
.................... float64 log10(float64 x)
.................... {
....................    float64 r;
.................... 
....................    r = log(x);
....................    r = r*LN10_INV;
....................    return(r);
.................... }
.................... #endif
.................... ////////////////////////////////////////////////////////////////////////////
.................... //   float modf(float x)
.................... ////////////////////////////////////////////////////////////////////////////
.................... // Description :breaks the argument value int integral and fractional parts,
.................... // ach of which have the same sign as the argument.  It stores the integral part
.................... // as a float in the object pointed to by the iptr
.................... // Returns : returns the signed fractional part of value.
.................... // Date : N/A
.................... //
.................... 
.................... float32 modf(float32 value,float32 *iptr)
.................... {
....................    *iptr=(value < 0.0)? ceil(value): floor(value);
....................    return(value - *iptr);
.................... }
.................... //Overloaded functions for modf() for PCD
.................... // Overloaded function modf() for data type - Float48
.................... #if defined(__PCD__)
.................... float48 modf(float48 value,float48 *iptr)
.................... {
....................    *iptr=(value < 0.0)? ceil(value): floor(value);
....................    return(value - *iptr);
.................... }
.................... // Overloaded function modf() for data type - Float64
.................... float64 modf(float64 value,float64 *iptr)
.................... {
....................    *iptr=(value < 0.0)? ceil(value): floor(value);
....................    return(value - *iptr);
.................... }
.................... #endif
.................... 
.................... ////////////////////////////////////////////////////////////////////////////
.................... //   float pwr(float x,float y)
.................... ////////////////////////////////////////////////////////////////////////////
.................... // Description : returns the value (x^y)
.................... // Date : N/A
.................... // Note : 0 is returned when the function will generate an imaginary number
.................... //
.................... float32 pwr(float32 x,float32 y)
.................... {
....................    if(0 > x && fmod(y, 1) == 0) {
....................       if(fmod(y, 2) == 0) {
....................          return (exp(log(-x) * y));
....................       } else {
....................          return (-exp(log(-x) * y));
....................       }
....................    } else if(0 > x && fmod(y, 1) != 0) {
....................       return 0;
....................    } else {
....................       if(x != 0 || 0 >= y) {
....................          return (exp(log(x) * y));
....................       }
....................    }
.................... }
.................... //Overloaded functions for pwr() for PCD
.................... // Overloaded function pwr() for data type - Float48
.................... #if defined(__PCD__)
.................... float48 pwr(float48 x,float48 y)
.................... {
....................    if(0 > x && fmod(y, 1) == 0) {
....................       if(fmod(y, 2) == 0) {
....................          return (exp(log(-x) * y));
....................       } else {
....................          return (-exp(log(-x) * y));
....................       }
....................    } else if(0 > x && fmod(y, 1) != 0) {
....................       return 0;
....................    } else {
....................       if(x != 0 || 0 >= y) {
....................          return (exp(log(x) * y));
....................       } else return 0;
....................    }
.................... }
.................... // Overloaded function pwr() for data type - Float64
.................... float64 pwr(float64 x,float64 y)
.................... {
....................    if(0 > x && fmod(y, 1) == 0) {
....................       if(fmod(y, 2) == 0) {
....................          return (exp(log(-x) * y));
....................       } else {
....................          return (-exp(log(-x) * y));
....................       }
....................    } else if(0 > x && fmod(y, 1) != 0) {
....................       return 0;
....................    } else {
....................       if(x != 0 || 0 >= y) {
....................          return (exp(log(x) * y));
....................       } else return 0;
....................    }
.................... }
.................... #endif
.................... 
.................... //////////////////// Power functions ////////////////////
.................... 
.................... ////////////////////////////////////////////////////////////////////////////
.................... //   float pow(float x,float y)
.................... ////////////////////////////////////////////////////////////////////////////
.................... // Description : returns the value (x^y)
.................... // Date : N/A
.................... // Note : 0 is returned when the function will generate an imaginary number
.................... //
.................... float32 pow(float32 x,float32 y)
.................... {
....................    if(0 > x && fmod(y, 1) == 0) {
....................       if(fmod(y, 2) == 0) {
....................          return (exp(log(-x) * y));
....................       } else {
....................          return (-exp(log(-x) * y));
....................       }
....................    } else if(0 > x && fmod(y, 1) != 0) {
....................       return 0;
....................    } else {
....................       if(x != 0 || 0 >= y) {
....................          return (exp(log(x) * y));
....................       } else return 0;
....................    }
.................... }
.................... //Overloaded functions for pow() for PCD
.................... // Overloaded function for pow() data type - Float48
.................... #if defined(__PCD__)
.................... float48 pow(float48 x,float48 y)
.................... {
....................    if(0 > x && fmod(y, 1) == 0) {
....................       if(fmod(y, 2) == 0) {
....................          return (exp(log(-x) * y));
....................       } else {
....................          return (-exp(log(-x) * y));
....................       }
....................    } else if(0 > x && fmod(y, 1) != 0) {
....................       return 0;
....................    } else {
....................       if(x != 0 || 0 >= y) {
....................          return (exp(log(x) * y));
....................       } else return 0;
....................    }
.................... }
.................... 
.................... // Overloaded function pow() for data type - Float64
.................... float64 pow(float64 x,float64 y)
.................... {
....................    if(0 > x && fmod(y, 1) == 0) {
....................       if(fmod(y, 2) == 0) {
....................          return (exp(log(-x) * y));
....................       } else {
....................          return (-exp(log(-x) * y));
....................       }
....................    } else if(0 > x && fmod(y, 1) != 0) {
....................       return 0;
....................    } else {
....................       if(x != 0 || 0 >= y) {
....................          return (exp(log(x) * y));
....................       } else return 0;
....................    }
.................... }
.................... #endif
.................... 
.................... ////////////////////////////////////////////////////////////////////////////
.................... //   float sqrt(float x)
.................... ////////////////////////////////////////////////////////////////////////////
.................... // Description : returns the square root of x
.................... // Date : N/A
.................... //
.................... float32 sqrt(float32 x)
.................... {
....................    float32 y, res;
....................    #if defined(__PCD__)
....................    unsigned int16 data1,data2;
....................    #endif
....................    #if !defined(__PCD__)
....................    unsigned int8 *p;
....................    #endif
.................... 
....................    #ifdef _ERRNO
....................    if(x < 0)
....................    {
....................       errno=EDOM;
....................    }
....................    #endif
.................... 
....................    if( x<=0.0)
....................       return(0.0);
.................... 
....................    y=x;
....................    
....................    #if !defined(__PCD__)
....................     p=&y;
....................    (*p)=(unsigned int8)((((unsigned int16)(*p)) + 127) >> 1);
....................    #endif
....................    
....................    #if defined(__PCD__)
....................     data1 = *(((unsigned int8 *)(&y))+3);
....................     data2 = *(((unsigned int8 *)(&y))+2);
....................     rotate_left(&data1,1);    
....................     if(bit_test(data2,7))    
....................        bit_set(data1,0);    
....................     data1 = ((data1+127) >>1);
....................     bit_clear(data2,7);
....................     if(bit_test(data1,0))
....................        bit_set(data2,7);
....................     data1 = data1 >>1;
....................     *(((unsigned int8 *)(&y))+3) = data1;
....................     *(((unsigned int8 *)(&y))+2) = data2;
....................     
....................   #endif
.................... 
....................    do {
....................       res=y;
....................       y+=(x/y);
.................... 
....................       #if !defined(__PCD__)
....................      (*p)--;
....................    #endif
....................    
....................    #if defined(__PCD__)
....................     data1 = *(((unsigned int8 *)(&y))+3);
....................     data2 = *(((unsigned int8 *)(&y))+2);
....................     rotate_left(&data1,1);
....................     if(bit_test(data2,7))
....................        bit_set(data1,0);    
....................     data1--;
....................     bit_clear(data2,7);
....................     if(bit_test(data1,0))
....................        bit_set(data2,7);
....................     data1 = data1 >>1;
....................     *(((unsigned int8 *)(&y))+3) = data1;
....................     *(((unsigned int8 *)(&y))+2) = data2;
....................     
....................   #endif
....................    } while(res != y);
.................... 
....................    return(res);
.................... }
.................... //Overloaded functions for sqrt() for PCD
.................... // Overloaded function sqrt() for data type - Float48
.................... #if defined(__PCD__)
.................... float48 sqrt(float48 x)
.................... {
....................    float48 y, res;
....................    unsigned int16 data1,data2;
....................    unsigned int8 *p;
.................... 
....................    #ifdef _ERRNO
....................    if(x < 0)
....................    {
....................       errno=EDOM;
....................    }
....................    #endif
.................... 
....................    if( x<=0.0)
....................       return(0.0);
.................... 
....................    y=x;
....................    
....................    #if !defined(__PCD__)
....................     p=&y;
....................    (*p)=(unsigned int8)((((unsigned int16)(*p)) + 127) >> 1);
....................    #endif
....................    
....................    #if defined(__PCD__)
....................     p = (((unsigned int8 *)(&y))+5);
....................     data1 = *(((unsigned int8 *)(&y))+5);
....................     data2 = *(((unsigned int8 *)(&y))+4);
....................     rotate_left(&data1,1);
....................     if(bit_test(data2,7))
....................        bit_set(data1,0);    
....................     data1 = ((data1+127) >>1);
....................     bit_clear(data2,7);
....................     if(bit_test(data1,0))
....................        bit_set(data2,7);
....................     data1 = data1 >>1;
....................     *(((unsigned int8 *)(&y))+5) = data1;
....................     *(((unsigned int8 *)(&y))+4) = data2;
....................     
....................   #endif
.................... 
....................    do {
....................       res=y;
....................       y+=(x/y);
.................... 
....................       #if !defined(__PCD__)
....................      (*p)--;
....................    #endif
....................    
....................     data1 = *(((unsigned int8 *)(&y))+5);
....................     data2 = *(((unsigned int8 *)(&y))+4);
....................     rotate_left(&data1,1);
....................     if(bit_test(data2,7))
....................        bit_set(data1,0);    
....................     data1--;
....................     bit_clear(data2,7);
....................     if(bit_test(data1,0))
....................        bit_set(data2,7);
....................     data1 = data1 >>1;
....................     *(((unsigned int8 *)(&y))+5) = data1;
....................     *(((unsigned int8 *)(&y))+4) = data2;
....................     
....................    } while(res != y);
.................... 
....................    return(res);
.................... }
.................... 
.................... // Overloaded function sqrt() for data type - Float64
.................... float64 sqrt(float64 x)
.................... {
....................    float64 y, res;
....................    unsigned int16 *p;
....................    unsigned int16 temp1,temp2;
.................... 
....................    #ifdef _ERRNO
....................    if(x < 0)
....................    {
....................       errno=EDOM;
....................    }
....................    #endif
.................... 
....................    if( x<=0.0)
....................       return(0.0);
.................... 
....................    y=x;
....................    p= (((unsigned int16 *)(&y))+3);
....................    temp1 = *p;
....................    temp2 = *p;
....................    bit_clear(temp1,15);
....................    temp1 = (temp1>>4)+1023;
....................    temp1 = temp1 >> 1;
....................    temp1 = (temp1<<4) & 0xFFF0;
....................    if(bit_test(temp2,15))
....................       bit_set(temp1,15);
....................    temp2 = temp2 & 0x000F;
....................    temp1 ^= temp2;
....................    
....................    (*p) = temp1;
....................    
....................    do {
....................       res=y;
....................       y+=(x/y);
....................      temp1 = *p;
....................      temp2 = *p;
....................      bit_clear(temp1,15);
....................      temp1 = (temp1>>4);
....................      temp1--;
....................      temp1 = (temp1<<4) & 0xFFF0;
....................      if(bit_test(temp2,15))
....................         bit_set(temp1,15);
....................      temp2 = temp2 & 0x000F;
....................      temp1 ^= temp2;
....................      (*p) = temp1;
.................... 
....................    } while(res != y);
.................... 
....................    return(res);
.................... }
.................... #endif
.................... 
.................... ////////////////////////////// Trig Functions //////////////////////////////
.................... #ifdef PI_DIV_BY_TWO_INV
.................... #undef PI_DIV_BY_TWO_INV
.................... #endif
.................... #define PI_DIV_BY_TWO_INV 0.63661977236758134
.................... #ifdef PI_DIV_BY_TWO
.................... #undef PI_DIV_BY_TWO
.................... #endif
.................... #define PI_DIV_BY_TWO   1.5707963267948966
.................... #ifdef TWOBYPI
.................... #undef TWOBYPI
.................... #endif
.................... #define TWOBYPI          0.6366197723675813
.................... 
.................... ////////////////////////////////////////////////////////////////////////////
.................... //   float cos(float x)
.................... ////////////////////////////////////////////////////////////////////////////
.................... // Description : returns the cosine value of the angle x, which is in radian
.................... // Date : 9/20/2001
.................... //
.................... float32 cos(float32 x)
.................... {
....................    float32 y, t, t2 = 1.0;
....................    unsigned int8 quad, i;
....................    float32 frac;
....................    float32 p[5] = {                    //by the series definition for cosine
....................       -0.49999999456337096,            // sum ( ( (-1)^n * x^2n )/(2n)! )
....................        0.04166663896921267,
....................       -0.00138883894522527,
....................        0.00002476138231734,
....................       -0.00000026070414770
....................       //-0.00000000001147,
....................       // 0.00000000000005
....................    };
.................... 
....................    if (x < 0) x = -x;                  // absolute value of input
.................... 
....................    quad = (unsigned int8)(x * PI_DIV_BY_TWO_INV);    // quadrant
....................    frac = (x * PI_DIV_BY_TWO_INV) - quad;  // fractional part of input
....................    quad = quad % 4;                    // quadrant (0 to 3)
.................... 
....................    if (quad == 0 || quad == 2)
....................       t = frac * PI_DIV_BY_TWO;
....................    else if (quad == 1)
....................       t = (1-frac) * PI_DIV_BY_TWO;
....................    else // should be 3
....................       t = (frac-1) * PI_DIV_BY_TWO;
.................... 
....................    y = 1.0;
....................    t = t * t;
....................    for (i = 0; i <= 4; i++)
....................    {
....................       t2 = t2 * t;
....................       y = y + p[i] * t2;
....................    }
.................... 
....................    if (quad == 2 || quad == 1)
....................       y = -y;  // correct sign
.................... 
....................    return (y);
.................... }
.................... 
.................... 
.................... //Overloaded functions for cos() for PCD
.................... // Overloaded function cos() for data type - Float48
.................... #if defined(__PCD__)
.................... float48 cos(float48 x)
.................... {
....................    float48 y, t, t2 = 1.0;
....................    unsigned int8 quad, i;
....................    float48 frac;
....................    float48 p[6] = {                    //by the series definition for cosine
....................       -0.5,                            // sum ( ( (-1)^n * x^2n )/(2n)! )
....................        0.04166666666667,
....................       -0.00138888888889,
....................        0.00002480158730,
....................       -0.00000027557319,
....................        0.00000000208767
....................    };
.................... 
....................    if (x < 0) x = -x;                  // absolute value of input
.................... 
....................    quad = (unsigned int8)(x * PI_DIV_BY_TWO_INV);    // quadrant
....................    frac = (x * PI_DIV_BY_TWO_INV) - quad;  // fractional part of input
....................    quad = quad % 4;                    // quadrant (0 to 3)
.................... 
....................    if (quad == 0 || quad == 2)
....................       t = frac * PI_DIV_BY_TWO;
....................    else if (quad == 1)
....................       t = (1-frac) * PI_DIV_BY_TWO;
....................    else // should be 3
....................       t = (frac-1) * PI_DIV_BY_TWO;
.................... 
....................    y = 0.999999999781;
....................    t = t * t;
....................    for (i = 0; i <= 5; i++)
....................    {
....................       t2 = t2 * t;
....................       y = y + p[i] * t2;
....................    }
.................... 
....................    if (quad == 2 || quad == 1)
....................       y = -y;  // correct sign
.................... 
....................    return (y);
.................... }
.................... 
.................... // Overloaded function cos() for data type - Float64
.................... float64 cos(float64 x)
.................... {
....................    float64 y, t, t2 = 1.0;
....................    unsigned int8 quad, i;
....................    float64 frac;
....................    float64 p_64[9] = {               //by the series definition for cosine
....................      -0.49999999999998740,           // sum ( ( (-1)^n * x^2n )/(2n)! )             
....................       0.04166666666656518,
....................      -0.00138888888851691,
....................       0.00002480158658490,
....................      -0.00000027557239796,
....................       0.00000000208715031,
....................      -0.00000000001126577,
....................       0.00000000000000427,
....................       0.00000000000000372};
.................... 
....................    if (x < 0) x = -x;                  // absolute value of input
.................... 
....................    quad = (unsigned int8)(x * PI_DIV_BY_TWO_INV);    // quadrant
....................    frac = (x * PI_DIV_BY_TWO_INV) - quad;  // fractional part of input
....................    quad = quad % 4;                    // quadrant (0 to 3)
.................... 
....................    if (quad == 0 || quad == 2)
....................       t = frac * PI_DIV_BY_TWO;
....................    else if (quad == 1)
....................       t = (1-frac) * PI_DIV_BY_TWO;
....................    else // should be 3
....................       t = (frac-1) * PI_DIV_BY_TWO;
.................... 
....................    y = 1.0;
....................    t = t * t;
....................    for (i = 0; i <= 8; i++)
....................    {
....................       t2 = t2 * t;
....................       y = y + p_64[i] * t2;
....................    }
.................... 
....................    if (quad == 2 || quad == 1)
....................       y = -y;  // correct sign
.................... 
....................    return (y);
.................... }
.................... 
.................... #endif
.................... 
.................... ////////////////////////////////////////////////////////////////////////////
.................... //   float sin(float x)
.................... ////////////////////////////////////////////////////////////////////////////
.................... // Description : returns the sine value of the angle x, which is in radian
.................... // Date : 9/20/2001
.................... //
.................... float32 sin(float32 x)
.................... {
....................    return cos(x - PI_DIV_BY_TWO);
.................... }
.................... 
.................... //Overloaded functions for sin() for PCD
.................... // Overloaded function sin() for data type - Float48
.................... #if defined(__PCD__)
.................... float48 sin(float48 x)
.................... {
....................    return cos(x - PI_DIV_BY_TWO);
.................... }
.................... 
.................... // Overloaded function sin() for data type - Float48
.................... float64 sin(float64 x)
.................... {
....................    return cos(x - PI_DIV_BY_TWO);
.................... }
.................... #endif
.................... 
.................... ////////////////////////////////////////////////////////////////////////////
.................... //   float tan(float x)
.................... ////////////////////////////////////////////////////////////////////////////
.................... // Description : returns the tangent value of the angle x, which is in radian
.................... // Date : 9/20/2001
.................... //
.................... float32 tan(float32 x)
.................... {
....................    float32 c, s;
.................... 
....................    c = cos(x);
....................    if (c == 0.0)
....................       return (1.0e+36);
.................... 
....................    s = sin(x);
....................    return(s/c);
.................... }
.................... //Overloaded functions for tan() for PCD
.................... // Overloaded function tan() for data type - Float48
.................... #if defined(__PCD__)
.................... float48 tan(float48 x)
.................... {
....................    float48 c, s;
.................... 
....................    c = cos(x);
....................    if (c == 0.0)
....................       return (1.0e+36);
.................... 
....................    s = sin(x);
....................    return(s/c);
.................... }
.................... 
.................... // Overloaded function tan() for data type - Float48
.................... float64 tan(float64 x)
.................... {
....................    float64 c, s;
.................... 
....................    c = cos(x);
....................    if (c == 0.0)
....................       return (1.0e+36);
.................... 
....................    s = sin(x);
....................    return(s/c);
.................... }
.................... #endif
.................... 
.................... float32 const pas[3] = {0.49559947, -4.6145309, 5.6036290};
.................... float32 const qas[3] = {1.0000000,  -5.5484666, 5.6036290};
.................... 
.................... float32 ASIN_COS(float32 x, unsigned int8 n)
.................... {
....................    float32 y, res, r, y2;
....................    int1 s;
....................    #ifdef _ERRNO
....................    if(x <-1 || x > 1)
....................    {
....................       errno=EDOM;
....................    }
....................    #endif
....................    s = 0;
....................    y = x;
.................... 
....................    if (x < 0)
....................    {
....................       s = 1;
....................       y = -y;
....................    }
.................... 
....................    if (y > 0.5)
....................    {
....................       y = sqrt((1.0 - y)*0.5);
....................       n += 2;
....................    }
.................... 
....................    y2=y*y;
.................... 
....................    res = pas[0]*y2 + pas[1];
....................    res = res*y2 + pas[2];
.................... 
....................    r = qas[0]*y2 + qas[1];
....................    r = r*y2 + qas[2];
.................... 
....................    res = y*res/r;
.................... 
....................    if (n & 2)     // |x| > 0.5
....................       res = PI_DIV_BY_TWO - 2.0*res;
....................    if (s)
....................       res = -res;
....................    if (n & 1)           // take arccos
....................       res = PI_DIV_BY_TWO - res;
.................... 
....................    return(res);
.................... }
.................... 
.................... 
.................... //Overloaded functions for ASIN_COS() for PCD
.................... // Overloaded function ASIN_COS() for data type - Float48
.................... #if defined(__PCD__)
.................... float48 ASIN_COS(float48 x, unsigned int8 n)
.................... {
....................    float48 y, res, r, y2;
....................    int1 s;
....................    #ifdef _ERRNO
....................    if(x <-1 || x > 1)
....................    {
....................       errno=EDOM;
....................    }
....................    #endif
....................    s = 0;
....................    y = x;
.................... 
....................    if (x < 0)
....................    {
....................       s = 1;
....................       y = -y;
....................    }
.................... 
....................    if (y > 0.5)
....................    {
....................       y = sqrt((1.0 - y)*0.5);
....................       n += 2;
....................    }
.................... 
....................    y2=y*y;
.................... 
....................    res = pas[0]*y2 + pas[1];
....................    res = res*y2 + pas[2];
.................... 
....................    r = qas[0]*y2 + qas[1];
....................    r = r*y2 + qas[2];
.................... 
....................    res = y*res/r;
.................... 
....................    if (n & 2)     // |x| > 0.5
....................       res = PI_DIV_BY_TWO - 2.0*res;
....................    if (s)
....................       res = -res;
....................    if (n & 1)           // take arccos
....................       res = PI_DIV_BY_TWO - res;
.................... 
....................    return(res);
.................... }
.................... 
.................... // Overloaded function ASIN_COS() for data type - Float64
.................... double pas_64[5]={1.000000000000000,-2.069938587724477,1.421444580548907,
....................                  -0.360690137621842,0.024929451660228};
.................... 
.................... double qas_64[5]={-2.236605254391134,1.719212122946451,-0.524122954476133,
....................                    0.052808872045749,-0.000662536036570};
....................                    
.................... float64 ASIN_COS(float64 x, unsigned int8 n)
.................... {
....................    float64 y, res, r, y2;
....................    int1 s;
....................    #ifdef _ERRNO
....................    if(x <-1 || x > 1)
....................    {
....................       errno=EDOM;
....................    }
....................    #endif
....................    s = 0;
....................    y = x;
.................... 
....................    if (x < 0)
....................    {
....................       s = 1;
....................       y = -y;
....................    }
.................... 
....................    if (y > 0.5)
....................    {
....................       y = sqrt((1.0 - y)*0.5);
....................       n += 2;
....................    }
.................... 
....................    y2=y*y;
.................... 
....................    res = pas_64[4]*y2 + pas_64[3];
....................    res = res*y2 + pas_64[2];
....................    res = res*y2 + pas_64[1];
....................    res = res*y2 + pas_64[0];
.................... 
....................    r = qas_64[4]*y2 + qas_64[3];
....................    r = r*y2 + qas_64[2];
....................    r = r*y2 + qas_64[1];
....................    r = r*y2 + qas_64[0];
....................    r = r*y2 + 1.0;
.................... 
....................    res = y*res/r;
.................... 
....................    if (n & 2)     // |x| > 0.5
....................       res = PI_DIV_BY_TWO - 2.0*res;
....................    if (s)
....................       res = -res;
....................    if (n & 1)           // take arccos
....................       res = PI_DIV_BY_TWO - res;
.................... 
....................    return(res);
.................... }
.................... #endif
.................... 
.................... ////////////////////////////////////////////////////////////////////////////
.................... //   float asin(float x)
.................... ////////////////////////////////////////////////////////////////////////////
.................... // Description : returns the arcsine value of the value x.
.................... // Date : N/A
.................... //
.................... float32 asin(float32 x)
.................... {
....................    float32 r;
.................... 
....................    r = ASIN_COS(x, 0);
....................    return(r);
.................... }
.................... //Overloaded functions for asin() for PCD
.................... // Overloaded function asin() for data type - Float48
.................... #if defined(__PCD__)
.................... float48 asin(float48 x)
.................... {
....................    float48 r;
.................... 
....................    r = ASIN_COS(x, 0);
....................    return(r);
.................... }
.................... 
.................... // Overloaded function asin() for data type - Float64
.................... float64 asin(float64 x)
.................... {
....................    float64 r;
.................... 
....................    r = ASIN_COS(x, 0);
....................    return(r);
.................... }
.................... #endif
.................... 
.................... ////////////////////////////////////////////////////////////////////////////
.................... //   float acos(float x)
.................... ////////////////////////////////////////////////////////////////////////////
.................... // Description : returns the arccosine value of the value x.
.................... // Date : N/A
.................... //
.................... float32 acos(float32 x)
.................... {
....................    float32 r;
.................... 
....................    r = ASIN_COS(x, 1);
....................    return(r);
.................... }
.................... //Overloaded functions for acos() for PCD
.................... // Overloaded function acos() for data type - Float48
.................... #if defined(__PCD__)
.................... float48 acos(float48 x)
.................... {
....................    float48 r;
.................... 
....................    r = ASIN_COS(x, 1);
....................    return(r);
.................... }
.................... 
.................... // Overloaded function acos() for data type - Float64
.................... float64 acos(float64 x)
.................... {
....................    float64 r;
.................... 
....................    r = ASIN_COS(x, 1);
....................    return(r);
.................... }
.................... #endif
.................... 
.................... float32 const pat[4] = {0.17630401, 5.6710795, 22.376096, 19.818457};
.................... float32 const qat[4] = {1.0000000,  11.368190, 28.982246, 19.818457};
.................... 
.................... ////////////////////////////////////////////////////////////////////////////
.................... //   float atan(float x)
.................... ////////////////////////////////////////////////////////////////////////////
.................... // Description : returns the arctangent value of the value x.
.................... // Date : N/A
.................... //
.................... float32 atan(float32 x)
.................... {
....................    float32 y, res, r;
....................    int1 s, flag;
.................... 
....................    s = 0;
....................    flag = 0;
....................    y = x;
.................... 
....................    if (x < 0)
....................    {
....................       s = 1;
....................       y = -y;
....................    }
.................... 
....................    if (y > 1.0)
....................    {
....................       y = 1.0/y;
....................       flag = 1;
....................    }
.................... 
....................    res = pat[0]*y*y + pat[1];
....................    res = res*y*y + pat[2];
....................    res = res*y*y + pat[3];
.................... 
....................    r = qat[0]*y*y + qat[1];
....................    r = r*y*y + qat[2];
....................    r = r*y*y + qat[3];
.................... 
....................    res = y*res/r;
.................... 
.................... 
....................    if (flag)                              // for |x| > 1
....................       res = PI_DIV_BY_TWO - res;
....................    if (s)
....................       res = -res;
.................... 
....................    return(res);
.................... }
.................... //Overloaded functions for atan() for PCD
.................... // Overloaded function atan() for data type - Float48
.................... #if defined(__PCD__)
.................... float48 atan(float48 x)
.................... {
....................    float48 y, res, r;
....................    int1 s, flag;
.................... 
....................    s = 0;
....................    flag = 0;
....................    y = x;
.................... 
....................    if (x < 0)
....................    {
....................       s = 1;
....................       y = -y;
....................    }
.................... 
....................    if (y > 1.0)
....................    {
....................       y = 1.0/y;
....................       flag = 1;
....................    }
.................... 
....................    res = pat[0]*y*y + pat[1];
....................    res = res*y*y + pat[2];
....................    res = res*y*y + pat[3];
.................... 
....................    r = qat[0]*y*y + qat[1];
....................    r = r*y*y + qat[2];
....................    r = r*y*y + qat[3];
.................... 
....................    res = y*res/r;
.................... 
.................... 
....................    if (flag)                              // for |x| > 1
....................       res = PI_DIV_BY_TWO - res;
....................    if (s)
....................       res = -res;
.................... 
....................    return(res);
.................... }
.................... 
.................... float64 pat_64[6]={0.999999999999999,2.249923645595566,1.771541617806449,
....................                    0.579678874003185,0.072162702162882,0.002281100141660};
.................... 
.................... float64 qat_64[6]={2.583256978928510,2.432627277466967,1.016760379885393,
....................                    0.182482977188688,0.011155377971690,0.000100013019160};
.................... // Overloaded function atan() for data type - Float64
.................... float64 atan(float64 x)
.................... {
....................    float64 y,y2, res, r;
....................    int1 s, flag;
.................... 
....................    s = 0;
....................    flag = 0;
....................    y = x;
.................... 
....................    if (x < 0)
....................    {
....................       s = 1;
....................       y = -y;
....................    }
.................... 
....................    if (y > 1.0)
....................    {
....................       y = 1.0/y;
....................       flag = 1;
....................    }
....................    y2 = y*y;
....................    res = pat_64[5]*y2 + pat_64[4];
....................    res = res*y2 + pat_64[3];
....................    res = res*y2 + pat_64[2];
....................    res = res*y2 + pat_64[1];
....................    res = res*y2 + pat_64[0];
.................... 
....................    r = qat_64[5]*y2 + qat_64[4];
....................    r = r*y2 + qat_64[3];
....................    r = r*y2 + qat_64[2];
....................    r = r*y2 + qat_64[1];
....................    r = r*y2 + qat_64[0];
....................    r = r*y2 + 1.0;
.................... 
....................    res = y*res/r;
.................... 
.................... 
....................    if (flag)                              // for |x| > 1
....................       res = PI_DIV_BY_TWO - res;
....................    if (s)
....................       res = -res;
.................... 
....................    return(res);
.................... }
.................... #endif
.................... 
.................... /////////////////////////////////////////////////////////////////////////////
.................... //   float atan2(float y, float x)
.................... /////////////////////////////////////////////////////////////////////////////
.................... // Description :computes the principal value of arc tangent of y/x, using the
.................... // signs of both the arguments to determine the quadrant of the return value
.................... // Returns : returns the arc tangent of y/x.
.................... // Date : N/A
.................... //
.................... 
.................... float32 atan2(float32 y,float32 x)
.................... {
....................    float32 z;
....................    int1 sign;
....................    unsigned int8 quad;
....................    sign=0;
....................    quad=0; //quadrant
....................    quad=((y<=0.0)?((x<=0.0)?3:4):((x<0.0)?2:1));
....................    if(y<0.0)
....................    {
....................       sign=1;
....................       y=-y;
....................    }
....................    if(x<0.0)
....................    {
....................       x=-x;
....................    }
....................    if (x==0.0)
....................    {
....................       if(y==0.0)
....................       {
....................       #ifdef _ERRNO
....................       {
....................          errno=EDOM;
....................       }
....................       #endif
....................       }
....................       else
....................       {
....................          if(sign)
....................          {
....................          return (-(PI_DIV_BY_TWO));
....................          }
....................          else
....................          {
....................          return (PI_DIV_BY_TWO);
....................          }
....................       }
....................    }
....................    else
....................    {
....................       z=y/x;
....................       switch(quad)
....................       {
....................          case 1:
....................          {
....................             return atan(z);
....................             break;
....................          }
....................          case 2:
....................          {
.................... //            return (atan(z)+PI_DIV_BY_TWO);  //2L3122
....................             return (PI-atan(z));
....................             break;
....................          }
....................          case 3:
....................          {
....................             return (atan(z)-PI);
....................             break;
....................          }
....................          case 4:
....................          {
....................             return (-atan(z));
....................             break;
....................          }
....................       }
....................    }
.................... }
.................... 
.................... //Overloaded functions for atan2() for PCD
.................... // Overloaded function atan2() for data type - Float48
.................... #if defined(__PCD__)
.................... float48 atan2(float48 y,float48 x)
.................... {
....................    float48 z;
....................    int1 sign;
....................    unsigned int8 quad;
....................    sign=0;
....................    quad=0; //quadrant
....................    quad=((y<=0.0)?((x<=0.0)?3:4):((x<0.0)?2:1));
....................    if(y<0.0)
....................    {
....................       sign=1;
....................       y=-y;
....................    }
....................    if(x<0.0)
....................    {
....................       x=-x;
....................    }
....................    if (x==0.0)
....................    {
....................       if(y==0.0)
....................       {
....................       #ifdef _ERRNO
....................       {
....................          errno=EDOM;
....................       }
....................       #endif
....................       }
....................       else
....................       {
....................          if(sign)
....................          {
....................          return (-(PI_DIV_BY_TWO));
....................          }
....................          else
....................          {
....................          return (PI_DIV_BY_TWO);
....................          }
....................       }
....................    }
....................    else
....................    {
....................       z=y/x;
....................       switch(quad)
....................       {
....................          case 1:
....................          {
....................             return atan(z);
....................             break;
....................          }
....................          case 2:
....................          {
.................... //            return (atan(z)+PI_DIV_BY_TWO);  //2L3122
....................             return (PI-atan(z));
....................             break;
....................          }
....................          case 3:
....................          {
....................             return (atan(z)-PI);
....................             break;
....................          }
....................          case 4:
....................          {
....................             return (-atan(z));
....................             break;
....................          }
....................       }
....................    }
.................... }
.................... 
.................... // Overloaded function atan2() for data type - Float64
.................... float64 atan2(float64 y,float64 x)
.................... {
....................    float64 z;
....................    int1 sign;
....................    unsigned int8 quad;
....................    sign=0;
....................    quad=0; //quadrant
....................    quad=((y<=0.0)?((x<=0.0)?3:4):((x<0.0)?2:1));
....................    if(y<0.0)
....................    {
....................       sign=1;
....................       y=-y;
....................    }
....................    if(x<0.0)
....................    {
....................       x=-x;
....................    }
....................    if (x==0.0)
....................    {
....................       if(y==0.0)
....................       {
....................       #ifdef _ERRNO
....................       {
....................          errno=EDOM;
....................       }
....................       #endif
....................       }
....................       else
....................       {
....................          if(sign)
....................          {
....................          return (-(PI_DIV_BY_TWO));
....................          }
....................          else
....................          {
....................          return (PI_DIV_BY_TWO);
....................          }
....................       }
....................    }
....................    else
....................    {
....................       z=y/x;
....................       switch(quad)
....................       {
....................          case 1:
....................          {
....................             return atan(z);
....................             break;
....................          }
....................          case 2:
....................          {
.................... //            return (atan(z)+PI_DIV_BY_TWO);  //2L3122
....................             return (PI-atan(z));
....................             break;
....................          }
....................          case 3:
....................          {
....................             return (atan(z)-PI);
....................             break;
....................          }
....................          case 4:
....................          {
....................             return (-atan(z));
....................             break;
....................          }
....................       }
....................    }
.................... }
.................... #endif
.................... 
.................... //////////////////// Hyperbolic functions ////////////////////
.................... 
.................... ////////////////////////////////////////////////////////////////////////////
.................... //   float cosh(float x)
.................... ////////////////////////////////////////////////////////////////////////////
.................... // Description : Computes the hyperbolic cosine value of x
.................... // Returns : returns the hyperbolic cosine value of x
.................... // Date : N/A
.................... //
.................... 
.................... float32 cosh(float32 x)
.................... {
....................    return ((exp(x)+exp(-x))*0.5);
.................... }
.................... //Overloaded functions for cosh() for PCD
.................... // Overloaded function cosh() for data type - Float48
.................... #if defined(__PCD__)
.................... float48 cosh(float48 x)
.................... {
....................    return ((exp(x)+exp(-x))*0.5);
.................... }
.................... 
.................... // Overloaded function cosh() for data type - Float64
.................... float64 cosh(float64 x)
.................... {
....................    return ((exp(x)+exp(-x))*0.5);
.................... }
.................... #endif
.................... 
.................... ////////////////////////////////////////////////////////////////////////////
.................... //   float sinh(float x)
.................... ////////////////////////////////////////////////////////////////////////////
.................... // Description : Computes the hyperbolic sine value of x
.................... // Returns : returns the hyperbolic sine value of x
.................... // Date : N/A
.................... //
.................... 
.................... float32 sinh(float32 x)
.................... {
.................... 
....................    return ((exp(x) - exp(-x))*0.5);
.................... }
.................... //Overloaded functions for sinh() for PCD
.................... // Overloaded function sinh() for data type - Float48
.................... #if defined(__PCD__)
.................... float48 sinh(float48 x)
.................... {
.................... 
....................    return ((exp(x) - exp(-x))*0.5);
.................... }
.................... 
.................... // Overloaded function sinh() for data type - Float48
.................... float64 sinh(float64 x)
.................... {
.................... 
....................    return ((exp(x) - exp(-x))*0.5);
.................... }
.................... #endif
.................... 
.................... ////////////////////////////////////////////////////////////////////////////
.................... //   float tanh(float x)
.................... ////////////////////////////////////////////////////////////////////////////
.................... // Description : Computes the hyperbolic tangent value of x
.................... // Returns : returns the hyperbolic tangent value of x
.................... // Date : N/A
.................... //
.................... 
.................... float32 tanh(float32 x)
.................... {
....................    return(sinh(x)/cosh(x));
.................... }
.................... //Overloaded functions for tanh() for PCD
.................... // Overloaded function tanh() for data type - Float48
.................... #if defined(__PCD__)
.................... float48 tanh(float48 x)
.................... {
....................    return(sinh(x)/cosh(x));
.................... }
.................... 
.................... // Overloaded function tanh() for data type - Float64
.................... float64 tanh(float64 x)
.................... {
....................    return(sinh(x)/cosh(x));
.................... }
.................... #endif
.................... 
.................... ////////////////////////////////////////////////////////////////////////////
.................... //   float frexp(float x, signed int *exp)
.................... ////////////////////////////////////////////////////////////////////////////
.................... // Description : breaks a floating point number into a normalized fraction and an integral
.................... // power of 2. It stores the integer in the signed int object pointed to by exp.
.................... // Returns : returns the value x, such that x is a double with magnitude in the interval
.................... // [1/2,1) or zero, and value equals x times 2 raised to the power *exp.If value is zero,
.................... // both parts of the result are zero.
.................... // Date : N/A
.................... //
.................... 
.................... #define LOG2 .30102999566398119521
.................... #define LOG2_INV 3.32192809488736234787
.................... float32 frexp(float32 x, signed int8 *exp)
.................... {
....................    float32 res;
....................    int1 sign = 0;
....................    if(x == 0.0)
....................    {
....................       *exp=0;
....................       return (0.0);
....................    }
....................    if(x < 0.0)
....................    {
....................      x=-x;
....................      sign=1;
....................    }
....................    if (x > 1.0)
....................    {
....................       *exp=(ceil(log10(x)*LOG2_INV));
....................       res=x/(pow(2, *exp));
....................       if (res == 1)
....................       {
....................          *exp=*exp+1;
....................           res=.5;
....................       }
....................    }
....................    else
....................    {
....................       if(x < 0.5)
....................       {
....................          *exp=-1;
....................          res=x*2;
....................       }
....................       else
....................       {
....................          *exp=0;
....................           res=x;
....................       }
....................    }
....................    if(sign)
....................    {
....................       res=-res;
....................    }
....................    return res;
.................... }
.................... 
.................... //Overloaded functions for frexp() for PCD
.................... // Overloaded function frexp() for data type - Float48
.................... #if defined(__PCD__)
.................... float48 frexp(float48 x, signed int8 *exp)
.................... {
....................    float48 res;
....................    int1 sign = 0;
....................    if(x == 0.0)
....................    {
....................       *exp=0;
....................       return (0.0);
....................    }
....................    if(x < 0.0)
....................    {
....................      x=-x;
....................      sign=1;
....................    }
....................    if (x > 1.0)
....................    {
....................       *exp=(ceil(log10(x)*LOG2_INV));
....................       res=x/(pow(2, *exp));
....................       if (res == 1)
....................       {
....................          *exp=*exp+1;
....................           res=.5;
....................       }
....................    }
....................    else
....................    {
....................       if(x < 0.5)
....................       {
....................          *exp=-1;
....................          res=x*2;
....................       }
....................       else
....................       {
....................          *exp=0;
....................           res=x;
....................       }
....................    }
....................    if(sign)
....................    {
....................       res=-res;
....................    }
....................    return res;
.................... }
.................... 
.................... // Overloaded function frexp() for data type - Float64
.................... float64 frexp(float64 x, signed int8 *exp)
.................... {
....................    float64 res;
....................    int1 sign = 0;
....................    if(x == 0.0)
....................    {
....................       *exp=0;
....................       return (0.0);
....................    }
....................    if(x < 0.0)
....................    {
....................      x=-x;
....................      sign=1;
....................    }
....................    if (x > 1.0)
....................    {
....................       *exp=(ceil(log10(x)*LOG2_INV));
....................       res=x/(pow(2, *exp));
....................       if (res == 1)
....................       {
....................          *exp=*exp+1;
....................           res=.5;
....................       }
....................    }
....................    else
....................    {
....................       if(x < 0.5)
....................       {
....................          *exp=-1;
....................          res=x*2;
....................       }
....................       else
....................       {
....................          *exp=0;
....................           res=x;
....................       }
....................    }
....................    if(sign)
....................    {
....................       res=-res;
....................    }
....................    return res;
.................... }
.................... #endif
.................... 
.................... //////////////////////////////////////////////////////////////////////////////
.................... //   float ldexp(float x, signed int *exp)
.................... //////////////////////////////////////////////////////////////////////////////
.................... // Description : multiplies a floating point number by an integral power of 2.
.................... // Returns : returns the value of x times 2 raised to the power exp.
.................... // Date : N/A
.................... //
.................... 
.................... float32 ldexp(float32 value, signed int8 exp)
.................... {
....................    return (value * pow(2,exp));
.................... }
.................... //Overloaded functions for ldexp() for PCD
.................... // Overloaded function ldexp() for data type - Float48
.................... 
.................... #if defined(__PCD__)
.................... float48 ldexp(float48 value, signed int8 exp)
.................... {
....................    return (value * pow(2,exp));
.................... }
.................... // Overloaded function ldexp() for data type - Float64
.................... float64 ldexp(float64 value, signed int8 exp)
.................... {
....................    return (value * pow(2,exp));
.................... }
.................... #endif
.................... 
.................... #endif
.................... 
.................... #bit     TIM3IF           = 0xFA1.1
.................... #define  analog_pins        an0_to_an3
.................... #define  lm35a_channel      0
.................... #define  lm35b_channel      1
.................... #define  gp2d12_channel     2
.................... #define  photoresis_channel 3
.................... #define  TOUCH_PIN        pin_c6
.................... #define  DHT11_PIN        pin_c5
.................... #define  HX711_DO         pin_d2
.................... #define  HX711_CLK        pin_d3
.................... #define  DCMOTOR_IN1      PIN_G0
.................... #define  STEPMOTOR_IN0    PIN_G1
.................... #define  STEPMOTOR_IN1    PIN_G2
.................... #define  STEPMOTOR_IN2    PIN_G3
.................... #define  STEPMOTOR_IN3    PIN_G4
.................... #define  soft_i2c_sda     pin_c4
.................... #define  soft_i2c_scl     pin_c3 
.................... #define  SRF04_TRIGER     PIN_C7
.................... #define  LCD_RS           PIN_F0
.................... #define  LCD_E            PIN_F5
.................... #define  OUTPUT_LCD       OUTPUT_E
.................... #define  LED32_RCK        pin_d5
.................... #define  D7SEG_RCK        pin_d7
.................... #define  S7SEG_RCK        pin_a5
.................... #define  TRIAC_PIN        Pin_f6
.................... #define  BUZZER_PIN       pin_f7
.................... #define  GLCD_CSA         PIN_F1   
.................... #define  GLCD_CSB         PIN_F2   
.................... #define  GLCD_CSC         PIN_F3                       
.................... #define  GLCD_RS          PIN_F0
.................... #define  GLCD_E           PIN_F4
.................... #define  output_glcd      output_e
.................... 
.................... //***** SRF04 using CCP1 (RC2) pin as ECHO pin *******************
.................... #DEFINE  BT0             PIN_b4
.................... #DEFINE  BT1             PIN_b5
.................... #DEFINE  BT2             PIN_b6
.................... #DEFINE  BT3             PIN_b7
.................... #DEFINE  ON              BT0 
.................... #DEFINE  UP              BT0  
.................... #DEFINE  ON1             BT0 
.................... #DEFINE  OFF             BT1
.................... #DEFINE  DW              BT1
.................... #DEFINE  OFF1            BT1
.................... #DEFINE  INV             BT2
.................... #DEFINE  ON2             BT2
.................... #DEFINE  CLR             BT2
.................... #DEFINE  MOD             BT3
.................... #DEFINE  STOP            BT3    
.................... #DEFINE  OFF2            BT3
.................... typedef enum 
.................... {
....................       OK    = 0,
....................       ERROR = 1,
....................       BUSY  = 2
.................... }result;
.................... typedef struct
.................... {
....................       unsigned int32 timeline;
.................... }DELAY_STRUCT;
.................... DELAY_STRUCT  delay=0;
.................... //xxxxxxxxxxxxxxxxxxxxxxxxxxxxx Module 32 LED don xxxxxxxxxxxxxxxxxxxxxxxxxxxxxxxxxxxxxxx
.................... typedef union 
.................... { 
....................   int1           ledx1[32];
....................   unsigned int8  ledx8[4];
....................   unsigned int16 ledx16[2];
....................   unsigned int32 ledx32; 
.................... } LED32_UNION;
.................... LED32_UNION led32;
.................... result led32_display(void);
.................... //xxxxxxxxxxxxxxxxxxxxxxxxxxxxx Module 7 DOAN TT xxxxxxxxxxxxxxxxxxxxxxxxxxxxxxxxxxxxxxx
.................... const unsigned int8 m7d[16]= {0XC0,0XF9,0xA4,0XB0,0X99,0X92,0X82,0XF8,0X80,0X90,0x88, 0x83, 0xC6, 0xA1, 0x86, 0x7f};
.................... typedef struct 
.................... { 
....................   unsigned int8   led[8];  
.................... } D7SEG_STRUCT; 
.................... D7SEG_STRUCT    d7seg ={0xff,0xff,0xff,0xff,0xff,0xff,0xff,0xff}; 
.................... result d7seg_display();
.................... //xxxxxxxxxxxxxxxxxxxxxxxxxxxxx Module 7 DOAN QUET xxxxxxxxxxxxxxxxxxxxxxxxxxxxxxxxxxxxxxx
.................... typedef struct 
.................... { 
....................   unsigned int8   led[8];  
.................... } S7SEG_STRUCT; 
.................... S7SEG_STRUCT    s7seg ={0xff,0xff,0xff,0xff,0xff,0xff,0xff,0xff}; 
.................... result s7seg_display();
.................... //xxxxxxxxxxxxxxxxxxxxxxxxxxxxx TRIAC-BUZZER xxxxxxxxxxxxxxxxxxxxxxxxxxxxxxxxxxxxxxxxxxxxx
.................... result buzzer_on(void);
.................... result buzzer_off(void);
.................... result triac_2_on(void);
.................... result triac_2_off(void);
.................... //xxxxxxxxxxxxxxxxxxxxxxxxxxxxx BASE FUNCTIONS xxxxxxxxxxxxxxxxxxxxxxxxxxxxxxxxxxxxxxxxxxxx
.................... result system_init(void);
.................... result CHECK_MODULE();
.................... #endif
.................... 
.................... //xxxxxxxxxxxxxxxxxxxxxxxxxxxxx Module 32 LED don xxxxxxxxxxxxxxxxxxxxxxxxxxxxxxxxxxxxxxx
.................... result led32_display()
.................... {
....................      spi_write2(led32.ledx8[3]);spi_write2(led32.ledx8[2]);
*
00088:  MOVF   F66,W
0008A:  MOVFF  0B,F66
0008E:  RRCF   F64,W
00090:  BNC   008E
00092:  MOVF   F66,W
00094:  MOVFF  0A,F66
00098:  RRCF   F64,W
0009A:  BNC   0098
....................      spi_write2(led32.ledx8[1]);spi_write2(led32.ledx8[0]);
0009C:  MOVF   F66,W
0009E:  MOVFF  09,F66
000A2:  RRCF   F64,W
000A4:  BNC   00A2
000A6:  MOVF   F66,W
000A8:  MOVFF  08,F66
000AC:  RRCF   F64,W
000AE:  BNC   00AC
....................      output_high(LED32_RCK); output_low(LED32_RCK);
000B0:  BCF    F95.5
000B2:  BSF    F8C.5
000B4:  BCF    F95.5
000B6:  BCF    F8C.5
....................      return OK;
000B8:  MOVLW  00
000BA:  MOVWF  01
000BC:  RETURN 0
.................... }
.................... //xxxxxxxxxxxxxxxxxxxxxxxxxxxxx Module 7 DOAN TT xxxxxxxxxxxxxxxxxxxxxxxxxxxxxxxxxxxxxxx
.................... result d7seg_display()
.................... {
....................       spi_write2(d7seg.led[4]);spi_write2(d7seg.led[5]);
000BE:  MOVF   F66,W
000C0:  MOVFF  10,F66
000C4:  RRCF   F64,W
000C6:  BNC   00C4
000C8:  MOVF   F66,W
000CA:  MOVFF  11,F66
000CE:  RRCF   F64,W
000D0:  BNC   00CE
....................       spi_write2(d7seg.led[6]);spi_write2(d7seg.led[7]);
000D2:  MOVF   F66,W
000D4:  MOVFF  12,F66
000D8:  RRCF   F64,W
000DA:  BNC   00D8
000DC:  MOVF   F66,W
000DE:  MOVFF  13,F66
000E2:  RRCF   F64,W
000E4:  BNC   00E2
....................       spi_write2(d7seg.led[0]);spi_write2(d7seg.led[1]);
000E6:  MOVF   F66,W
000E8:  MOVFF  0C,F66
000EC:  RRCF   F64,W
000EE:  BNC   00EC
000F0:  MOVF   F66,W
000F2:  MOVFF  0D,F66
000F6:  RRCF   F64,W
000F8:  BNC   00F6
....................       spi_write2(d7seg.led[2]);spi_write2(d7seg.led[3]);
000FA:  MOVF   F66,W
000FC:  MOVFF  0E,F66
00100:  RRCF   F64,W
00102:  BNC   0100
00104:  MOVF   F66,W
00106:  MOVFF  0F,F66
0010A:  RRCF   F64,W
0010C:  BNC   010A
....................       output_high(D7SEG_RCK); output_low(D7SEG_RCK);
0010E:  BCF    F95.7
00110:  BSF    F8C.7
00112:  BCF    F95.7
00114:  BCF    F8C.7
....................       delay_ms(8);
00116:  MOVLW  08
00118:  MOVWF  26
0011A:  RCALL  0004
....................       return OK;
0011C:  MOVLW  00
0011E:  MOVWF  01
00120:  GOTO   01CA (RETURN)
.................... }
.................... //xxxxxxxxxxxxxxxxxxxxxxxxxxxxx Module 7 DOAN QUET xxxxxxxxxxxxxxxxxxxxxxxxxxxxxxxxxxxxxxx
.................... result s7seg_display()
.................... {    
....................       for(int8 n=0;n<8;n++)
00124:  CLRF   24
00126:  MOVF   24,W
00128:  SUBLW  07
0012A:  BNC   017E
....................       {
....................             output_e(s7seg.led[n]); spi_write2(0x80>>n);
0012C:  CLRF   03
0012E:  MOVF   24,W
00130:  ADDLW  14
00132:  MOVWF  FE9
00134:  MOVLW  00
00136:  ADDWFC 03,W
00138:  MOVWF  FEA
0013A:  MOVFF  FEF,F8D
0013E:  CLRF   F96
00140:  MOVLW  80
00142:  MOVWF  25
00144:  MOVF   24,W
00146:  MOVWF  01
00148:  BZ    0152
0014A:  BCF    FD8.0
0014C:  RRCF   25,F
0014E:  DECFSZ 01,F
00150:  BRA    014A
00152:  MOVF   F66,W
00154:  MOVFF  25,F66
00158:  RRCF   F64,W
0015A:  BNC   0158
....................             output_high(S7SEG_RCK); output_low(S7SEG_RCK);
0015C:  BCF    F92.5
0015E:  BSF    F89.5
00160:  BCF    F92.5
00162:  BCF    F89.5
....................             delay_ms(1);
00164:  MOVLW  01
00166:  MOVWF  26
00168:  RCALL  0004
....................             spi_write2(0);
0016A:  MOVF   F66,W
0016C:  CLRF   F66
0016E:  RRCF   F64,W
00170:  BNC   016E
....................             output_high(S7SEG_RCK); output_low(S7SEG_RCK);
00172:  BCF    F92.5
00174:  BSF    F89.5
00176:  BCF    F92.5
00178:  BCF    F89.5
0017A:  INCF   24,F
0017C:  BRA    0126
....................       }
....................       return OK;
0017E:  MOVLW  00
00180:  MOVWF  01
00182:  GOTO   01CC (RETURN)
.................... }
.................... //xxxxxxxxxxxxxxxxxxxxxxxxxxxxx Module KEY4x4 xxxxxxxxxxxxxxxxxxxxxxxxxxxxxxxxxxxxxxxxx
.................... unsigned int8 KEYREAD()
.................... {   const unsigned int8 mq[]={0xef,0xdf,0xbf,0x7f};
....................     for(int8 cot=0;cot<4;cot++)
....................     {
....................         if(mq[cot]&0x80) output_float(pin_b7);
....................         else             output_low(pin_b7);
....................         if(mq[cot]&0x40) output_float(pin_b6);
....................         else             output_low(pin_b6);
....................         if(mq[cot]&0x20) output_float(pin_b5);
....................         else             output_low(pin_b5);
....................         if(mq[cot]&0x10) output_float(pin_b4);
....................         else             output_low(pin_b4);
....................         IF          (!INPUT(pin_b0))    return 0+cot*4;             
....................         ELSE    IF  (!INPUT(pin_b1))    return 1+cot*4;                  
....................         ELSE    IF  (!INPUT(pin_b2))    return 2+cot*4;               
....................         ELSE    IF  (!INPUT(pin_b3))    return 3+cot*4;  
....................     }
....................     return 0xff;
.................... }
.................... //xxxxxxxxxxxxxxxxxxxxxxxxxxxxx Module LCD xxxxxxxxxxxxxxxxxxxxxxxxxxxxxxxxxxxxxxx
.................... result write_lcd20x4(unsigned int8 lcd_signal, lcd_ins_hthi)
.................... {    
....................     output_bit(LCD_E,bit_test(lcd_signal,0));
....................     output_bit(LCD_RS,bit_test(lcd_signal,2));
....................     output_lcd(lcd_ins_hthi);
....................     return OK;
.................... }
.................... //xxxxxxxxxxxxxxxxxxxxxxxxxxxxx TRIAC-BUZZER xxxxxxxxxxxxxxxxxxxxxxxxxxxxxxxxxxxxxxxxxx
.................... result buzzer_on(){output_high(BUZZER_PIN);return OK;}
.................... result buzzer_off(){ output_low(BUZZER_PIN);return OK;}
00186:  BCF    F97.7
00188:  BCF    F8E.7
0018A:  MOVLW  00
0018C:  MOVWF  01
0018E:  GOTO   01CE (RETURN)
.................... result triac_2_on(){output_high(TRIAC_PIN);return OK;}
.................... result triac_2_off(){output_low(TRIAC_PIN);return OK;}
00192:  BCF    F97.6
00194:  BCF    F8E.6
00196:  MOVLW  00
00198:  MOVWF  01
0019A:  GOTO   01D0 (RETURN)
.................... result DCMOTOR_ENABLE()
.................... {
....................    setup_timer_2(t2_div_by_16,249,1);  // Cau hinh xung PWM T=0.8 ms, su dung PWM1
....................    setup_ccp1(ccp_pwm);  
....................    set_pwm1_duty((int16)0) ;
....................    output_low(DCMOTOR_IN1) ;
....................    return OK;
.................... }
.................... 
.................... result DCMOTOR_LOWLEVEL_CONTROL(signed int16 duty, int1 direct)
.................... {
....................      if(duty)
....................         if(direct){ output_high(DCMOTOR_IN1); set_pwm1_duty(1000-duty);  }
....................         else      { output_low(DCMOTOR_IN1) ; set_pwm1_duty(duty)     ;  }
....................      else         { output_low(DCMOTOR_IN1) ; set_pwm1_duty((int16)0) ;  }
....................      return OK;
.................... }
.................... result STEPMOTOR_ENABLE(){return OK;}
.................... result STEPMOTOR_LOWLEVEL_CONTROL(int1 mode, int8 step)
.................... {                                                                      
....................       const unsigned int8 Step_data[2][8]={0x01,0x03,0x02,0x06,0x04,0x0c,0x08,0x09,0x01,0x02,0x04,0x08,0x01,0x02,0x04,0x08};
....................       output_bit(STEPMOTOR_IN0, bit_test(step_data[mode][step],0));
....................       output_bit(STEPMOTOR_IN1, bit_test(step_data[mode][step],1));
....................       output_bit(STEPMOTOR_IN2, bit_test(step_data[mode][step],2));
....................       output_bit(STEPMOTOR_IN3, bit_test(step_data[mode][step],3));
....................       return OK;
.................... }
.................... 
.................... //xxxxxxxxxxxxxxxxxxxxxxxxxxxxx BOARD_INIT xxxxxxxxxxxxxxxxxxxxxxxxxxxxxxxxxxxxxxxxxxxx
.................... result system_init()
.................... {
....................       CHECK_MODULE();
0019E:  BRA    002E
....................       set_tris_a(0xdf);
001A0:  MOVLW  DF
001A2:  MOVWF  F92
....................       set_tris_d(0x04);
001A4:  MOVLW  04
001A6:  MOVWF  F95
....................       set_tris_e(0);
001A8:  MOVLW  00
001AA:  MOVWF  F96
....................       set_tris_f(0);
001AC:  MOVWF  F97
....................       set_tris_g(0);
001AE:  MOVWF  F98
....................       set_tris_c(0xff);
001B0:  MOVLW  FF
001B2:  MOVWF  F94
....................       port_b_pullups(0xFF);
001B4:  BCF    FF1.7
....................       output_g(0);
001B6:  CLRF   F98
001B8:  CLRF   F8F
....................       output_high(pin_g0);
001BA:  BCF    F98.0
001BC:  BSF    F8F.0
....................       led32.ledx32=0;
001BE:  CLRF   0B
001C0:  CLRF   0A
001C2:  CLRF   09
001C4:  CLRF   08
....................       led32_display();
001C6:  RCALL  0088
....................       d7seg_display();
001C8:  BRA    00BE
....................       s7seg_display();
001CA:  BRA    0124
....................       buzzer_off(); 
001CC:  BRA    0186
....................       triac_2_off();
001CE:  BRA    0192
....................       setup_timer_3(t3_internal|t3_div_by_8|T3_CCP2_TO_5);
001D0:  MOVLW  BD
001D2:  MOVWF  FB1
....................       return OK;
001D4:  MOVLW  00
001D6:  MOVWF  01
001D8:  GOTO   0770 (RETURN)
.................... }
.................... /*********************************** Check module ************************************************************/
.................... result CHECK_MODULE()
*
0002E:  BSF    24.0
.................... {
....................     int1 tt=1;
....................       unsigned int8 n;
....................       for(n=0;n<10;n++)
00030:  CLRF   25
00032:  MOVF   25,W
00034:  SUBLW  09
00036:  BNC   0060
....................       {     output_bit(pin_d0,tt);
00038:  BTFSC  24.0
0003A:  BRA    0040
0003C:  BCF    F8C.0
0003E:  BRA    0042
00040:  BSF    F8C.0
00042:  BCF    F95.0
....................             if(input(pin_d1) !=tt)break;
00044:  BSF    F95.1
00046:  MOVLW  00
00048:  BTFSC  F83.1
0004A:  MOVLW  01
0004C:  MOVWF  27
0004E:  MOVLW  00
00050:  BTFSC  24.0
00052:  MOVLW  01
00054:  SUBWF  27,W
00056:  BTFSS  FD8.2
00058:  BRA    0060
....................             tt=!tt;
0005A:  BTG    24.0
0005C:  INCF   25,F
0005E:  BRA    0032
....................       }
....................       if(n<10) while(true)
00060:  MOVF   25,W
00062:  SUBLW  09
00064:  BNC   0080
....................       {    output_d(0xff);
00066:  CLRF   F95
00068:  SETF   F8C
....................            output_b(0xff); delay_ms(10);
0006A:  CLRF   F93
0006C:  SETF   F8A
0006E:  MOVLW  0A
00070:  MOVWF  26
00072:  RCALL  0004
....................            output_b(0); delay_ms(10);
00074:  CLRF   F93
00076:  CLRF   F8A
00078:  MOVLW  0A
0007A:  MOVWF  26
0007C:  RCALL  0004
0007E:  BRA    0066
....................       }
....................       return OK;
00080:  MOVLW  00
00082:  MOVWF  01
00084:  GOTO   01A0 (RETURN)
.................... }
.................... #endif
.................... 
.................... #warning"Day la file mo phong, SV khong duoc nap tren board that"
.................... #endif
.................... #if  BOARD == MOPHONG
.................... #define   BUTTON_HOLD_TIME  40
.................... #else 
.................... #define   BUTTON_HOLD_TIME  30
.................... #endif
.................... 
.................... #include <TV_LOWLEVER.C>
.................... #ifndef  __TV_LOWLEVER_C__
.................... #define  __TV_LOWLEVER_C__
.................... #include <TV_LOWLEVER.H>
.................... #ifndef  __TV_LOWLEVER_H__
.................... #define  __TV_LOWLEVER_H__
.................... unsigned int16 delay_start();
.................... unsigned int16 delay_stop(unsigned int16 t);
.................... result inputcd(int16 pin);
.................... #endif
.................... 
.................... /*********************************** Soft I2C ************************************************************/
.................... #if      BOARD == MOPHONG
.................... result soft_i2c_clk()
.................... {   
....................       output_high(soft_i2c_scl);
....................       DELAY_us(1);  
....................       output_low(soft_i2c_scl);
....................       return OK;
.................... }
.................... result soft_i2c_start()
.................... {
....................       output_high(soft_i2c_sda);
....................       output_high(soft_i2c_scl);
....................       delay_us(1);
....................       output_low(soft_i2c_sda);
....................       delay_us(1);
....................       output_low(soft_i2c_scl);   
....................       return OK;
.................... }
.................... result soft_i2c_stop()
.................... {
....................       output_low(soft_i2c_sda);
....................       output_high(soft_i2c_scl);
....................       delay_us(1);
....................       output_high(soft_i2c_sda);
....................       return OK;
.................... }
.................... result soft_i2c_write(unsigned int8 b)
.................... {
....................       unsigned int8 m;
....................       int1 ack;
....................       for(m=0x80;m>0;m>>=1)
....................       {
....................             output_bit( soft_i2c_sda,b&m);
....................             soft_i2c_clk();
....................       }
....................       output_float(soft_i2c_sda);
....................       output_high(soft_i2c_scl);  
....................       delay_us(1);
....................       ack = input(soft_i2c_sda);
....................       output_low(soft_i2c_scl);  
....................       return ack;
.................... }
.................... 
.................... unsigned int8 soft_i2c_read(int1 ack)
.................... { 
....................       unsigned int8 n,nhan=0;
....................       output_float(soft_i2c_sda);
....................       for(n=0x80;n>0;n>>=1)
....................       {      
....................             output_high(soft_i2c_scl);  
....................             delay_us(1);
....................             if(input(soft_i2c_sda))nhan=nhan|n;
....................             output_low(soft_i2c_scl);   
....................       }
....................       if(ack)  output_low(soft_i2c_sda);
....................       else     output_high(soft_i2c_sda); 
....................       soft_i2c_clk();
....................       output_high(soft_i2c_sda); 
....................       return nhan;
.................... }
.................... #else 
.................... void soft_i2c_clk()
.................... {    
....................       output_high(soft_i2c_scl);
....................       output_low(soft_i2c_scl);
.................... }
.................... void soft_i2c_start()
.................... {
....................       output_high(soft_i2c_sda);
....................       output_high(soft_i2c_scl);
....................       output_low(soft_i2c_sda);
....................       output_low(soft_i2c_scl);      
.................... }
.................... void soft_i2c_stop()
.................... {
....................       output_low(soft_i2c_scl);
....................       output_low(soft_i2c_sda);
....................       output_high(soft_i2c_scl);
....................       output_high(soft_i2c_sda);
.................... }
.................... result soft_i2c_write(unsigned int8 b)
.................... {
....................       unsigned int8 m,dem=0;
....................       for(m=0x80;m>0;m>>=1)
....................       {
....................             output_bit(soft_i2c_sda,b&m);
....................             soft_i2c_clk();
....................       }
....................      output_float(soft_i2c_sda);
....................      output_high(soft_i2c_scl);
....................      while(input(soft_i2c_sda)&(dem<5)){dem++; delay_us(1);}
....................      output_low(soft_i2c_scl);
....................      if(dem==5) return ERROR;
....................      else        return OK;
.................... }
.................... 
.................... unsigned int8 soft_i2c_read(int1 ack)
.................... { 
....................       unsigned int8 n,nhan=0;
....................       output_float(soft_i2c_sda);
....................       for(n=0x80;n>0;n>>=1)
....................       {    
....................             output_high(soft_i2c_scl);  
....................             if(input(soft_i2c_sda))nhan=nhan|n; 
....................             output_low(soft_i2c_scl);  
....................       } 
....................       output_bit(soft_i2c_sda,!ack);
....................       soft_i2c_clk();
....................       return nhan;
.................... }
.................... #endif
.................... /*********************************** Delay ************************************************************/
.................... unsigned int16 delay_start()
.................... {    
....................       delay.timeline += get_timer3() ;set_timer3(2);
*
002DA:  MOVF   FB2,W
002DC:  MOVFF  FB3,03
002E0:  ADDWF  04,F
002E2:  MOVF   FB3,W
002E4:  ADDWFC 05,F
002E6:  MOVLW  00
002E8:  ADDWFC 06,F
002EA:  ADDWFC 07,F
002EC:  CLRF   FB3
002EE:  MOVLW  02
002F0:  MOVWF  FB2
002F2:  NOP   
....................       if(TIM3IF) delay.timeline +=65536;TIM3IF=0;
002F4:  BTFSS  FA1.1
002F6:  BRA    0300
002F8:  MOVLW  01
002FA:  ADDWF  06,F
002FC:  MOVLW  00
002FE:  ADDWFC 07,F
00300:  BCF    FA1.1
....................       return delay.timeline/625;
00302:  BCF    FD8.1
00304:  MOVFF  07,2D
00308:  MOVFF  06,2C
0030C:  MOVFF  05,2B
00310:  MOVFF  04,2A
00314:  CLRF   31
00316:  CLRF   30
00318:  MOVLW  02
0031A:  MOVWF  2F
0031C:  MOVLW  71
0031E:  MOVWF  2E
00320:  RCALL  024C
00322:  MOVFF  01,02
00326:  MOVFF  00,01
0032A:  RETURN 0
.................... }
.................... 
.................... unsigned int16 delay_stop(unsigned int16 t)
.................... {    
....................       unsigned int16 tam;
....................       delay.timeline += get_timer3() ;set_timer3(2);
0032C:  MOVF   FB2,W
0032E:  MOVFF  FB3,03
00332:  ADDWF  04,F
00334:  MOVF   FB3,W
00336:  ADDWFC 05,F
00338:  MOVLW  00
0033A:  ADDWFC 06,F
0033C:  ADDWFC 07,F
0033E:  CLRF   FB3
00340:  MOVLW  02
00342:  MOVWF  FB2
00344:  NOP   
....................       if(TIM3IF) delay.timeline +=65536;TIM3IF=0;
00346:  BTFSS  FA1.1
00348:  BRA    0352
0034A:  MOVLW  01
0034C:  ADDWF  06,F
0034E:  MOVLW  00
00350:  ADDWFC 07,F
00352:  BCF    FA1.1
....................       tam = delay.timeline/625;
00354:  BCF    FD8.1
00356:  MOVFF  07,2D
0035A:  MOVFF  06,2C
0035E:  MOVFF  05,2B
00362:  MOVFF  04,2A
00366:  CLRF   31
00368:  CLRF   30
0036A:  MOVLW  02
0036C:  MOVWF  2F
0036E:  MOVLW  71
00370:  MOVWF  2E
00372:  RCALL  024C
00374:  MOVFF  01,29
00378:  MOVFF  00,28
....................       if(t<=tam) return tam-t;
0037C:  MOVF   27,W
0037E:  SUBWF  29,W
00380:  BNC   03A0
00382:  BNZ   038A
00384:  MOVF   26,W
00386:  SUBWF  28,W
00388:  BNC   03A0
0038A:  MOVF   26,W
0038C:  SUBWF  28,W
0038E:  MOVWF  00
00390:  MOVF   27,W
00392:  SUBWFB 29,W
00394:  MOVWF  03
00396:  MOVFF  00,01
0039A:  MOVWF  02
0039C:  BRA    03BC
0039E:  BRA    03BC
....................       else       return 0xffff-t + tam;
003A0:  MOVLW  FF
003A2:  BSF    FD8.0
003A4:  SUBFWB 26,W
003A6:  MOVWF  2A
003A8:  MOVLW  FF
003AA:  SUBFWB 27,W
003AC:  MOVWF  2B
003AE:  MOVF   28,W
003B0:  ADDWF  2A,W
003B2:  MOVWF  01
003B4:  MOVF   29,W
003B6:  ADDWFC 2B,W
003B8:  MOVWF  03
003BA:  MOVWF  02
003BC:  RETURN 0
.................... }
.................... /*********************************** Button ************************************************************/
.................... 
.................... result inputcd(int16 pin)
.................... {
....................       static unsigned int16 oldpin=0xffff;
....................       static unsigned int16 t; 
....................       static unsigned int8 step=0;
....................       output_float(pin);
003BE:  MOVFF  24,26
003C2:  MOVLW  01
003C4:  MOVWF  27
003C6:  MOVLW  0F
003C8:  MOVWF  29
003CA:  MOVLW  92
003CC:  MOVWF  28
003CE:  RCALL  01DC
....................       switch (step)
003D0:  MOVF   20,W
003D2:  ADDLW  FC
003D4:  BTFSC  FD8.0
003D6:  BRA    0546
003D8:  ADDLW  04
003DA:  GOTO   054C
....................       {
....................           case 0:
....................                  if(input(pin)==0)
003DE:  MOVFF  24,26
003E2:  MOVLW  01
003E4:  MOVWF  27
003E6:  MOVLW  0F
003E8:  MOVWF  29
003EA:  MOVLW  92
003EC:  MOVWF  28
003EE:  RCALL  01DC
003F0:  MOVFF  24,26
003F4:  MOVLW  0F
003F6:  MOVWF  28
003F8:  MOVLW  80
003FA:  MOVWF  27
003FC:  RCALL  021A
003FE:  BTFSC  01.0
00400:  BRA    0418
....................                   {
....................                         oldpin   = pin;
00402:  MOVFF  25,1D
00406:  MOVFF  24,1C
....................                         t        = delay_start();
0040A:  RCALL  02DA
0040C:  MOVFF  02,1F
00410:  MOVFF  01,1E
....................                         step     = 1;
00414:  MOVLW  01
00416:  MOVWF  20
....................                   }
....................                  break;
00418:  BRA    0546
....................            case 1:
....................                  if(input(oldpin))step = 0;
0041A:  MOVFF  1C,26
0041E:  MOVLW  01
00420:  MOVWF  27
00422:  MOVLW  0F
00424:  MOVWF  29
00426:  MOVLW  92
00428:  MOVWF  28
0042A:  RCALL  01DC
0042C:  MOVFF  1C,26
00430:  MOVLW  0F
00432:  MOVWF  28
00434:  MOVLW  80
00436:  MOVWF  27
00438:  RCALL  021A
0043A:  BTFSS  01.0
0043C:  BRA    0442
0043E:  CLRF   20
00440:  BRA    047E
....................                  else if((pin==oldpin)&&(delay_stop(t)>=BUTTON_HOLD_TIME))
00442:  MOVF   1C,W
00444:  SUBWF  24,W
00446:  BNZ   047E
00448:  MOVF   1D,W
0044A:  SUBWF  25,W
0044C:  BNZ   047E
0044E:  MOVFF  1F,27
00452:  MOVFF  1E,26
00456:  RCALL  032C
00458:  MOVFF  02,27
0045C:  MOVFF  01,26
00460:  MOVF   27,F
00462:  BNZ   046A
00464:  MOVF   26,W
00466:  SUBLW  27
00468:  BC    047E
....................                    {
....................                       t    = delay_start();
0046A:  RCALL  02DA
0046C:  MOVFF  02,1F
00470:  MOVFF  01,1E
....................                       step = 2;
00474:  MOVLW  02
00476:  MOVWF  20
....................                       return OK;
00478:  MOVLW  00
0047A:  MOVWF  01
0047C:  BRA    054A
....................                    }
....................                  break;
0047E:  BRA    0546
....................             case 2:
....................                  if(input(oldpin))step = 0;
00480:  MOVFF  1C,26
00484:  MOVLW  01
00486:  MOVWF  27
00488:  MOVLW  0F
0048A:  MOVWF  29
0048C:  MOVLW  92
0048E:  MOVWF  28
00490:  RCALL  01DC
00492:  MOVFF  1C,26
00496:  MOVLW  0F
00498:  MOVWF  28
0049A:  MOVLW  80
0049C:  MOVWF  27
0049E:  RCALL  021A
004A0:  BTFSS  01.0
004A2:  BRA    04A8
004A4:  CLRF   20
004A6:  BRA    04E4
....................                  else if((pin==oldpin)&&(delay_stop(t)>=500))
004A8:  MOVF   1C,W
004AA:  SUBWF  24,W
004AC:  BNZ   04E4
004AE:  MOVF   1D,W
004B0:  SUBWF  25,W
004B2:  BNZ   04E4
004B4:  MOVFF  1F,27
004B8:  MOVFF  1E,26
004BC:  RCALL  032C
004BE:  MOVFF  02,27
004C2:  MOVFF  01,26
004C6:  MOVF   02,W
004C8:  SUBLW  00
004CA:  BC    04E4
004CC:  XORLW  FF
004CE:  BNZ   04D6
004D0:  MOVF   26,W
004D2:  SUBLW  F3
004D4:  BC    04E4
....................                    {
....................                        t        = delay_start();
004D6:  RCALL  02DA
004D8:  MOVFF  02,1F
004DC:  MOVFF  01,1E
....................                        step     = 3;
004E0:  MOVLW  03
004E2:  MOVWF  20
....................                    } 
....................                  break;
004E4:  BRA    0546
....................             case 3:
....................                    if(input(oldpin))step = 0; 
004E6:  MOVFF  1C,26
004EA:  MOVLW  01
004EC:  MOVWF  27
004EE:  MOVLW  0F
004F0:  MOVWF  29
004F2:  MOVLW  92
004F4:  MOVWF  28
004F6:  RCALL  01DC
004F8:  MOVFF  1C,26
004FC:  MOVLW  0F
004FE:  MOVWF  28
00500:  MOVLW  80
00502:  MOVWF  27
00504:  RCALL  021A
00506:  BTFSS  01.0
00508:  BRA    050E
0050A:  CLRF   20
0050C:  BRA    0546
....................                    else if((pin==oldpin)&&(delay_stop(t)>=100))
0050E:  MOVF   1C,W
00510:  SUBWF  24,W
00512:  BNZ   0546
00514:  MOVF   1D,W
00516:  SUBWF  25,W
00518:  BNZ   0546
0051A:  MOVFF  1F,27
0051E:  MOVFF  1E,26
00522:  RCALL  032C
00524:  MOVFF  02,27
00528:  MOVFF  01,26
0052C:  MOVF   27,F
0052E:  BNZ   0536
00530:  MOVF   26,W
00532:  SUBLW  63
00534:  BC    0546
....................                        {
....................                           t  = delay_start();
00536:  RCALL  02DA
00538:  MOVFF  02,1F
0053C:  MOVFF  01,1E
....................                           return OK;
00540:  MOVLW  00
00542:  MOVWF  01
00544:  BRA    054A
....................                        }
....................                  break;
....................       }   
....................       return BUSY; 
00546:  MOVLW  02
00548:  MOVWF  01
0054A:  RETURN 0
.................... }
.................... #endif
.................... 
.................... #ignore_warnings 202
.................... #endif
.................... 
.................... #include <stdbool.h>
.................... ///////////////////////////////////////////////////////////////////////////
.................... ////                                                                   ////
.................... ////                          stdbool.h                                ////
.................... ////                                                                   ////
.................... //// Standard boolean definitions                                      ////
.................... ////                                                                   ////
.................... ///////////////////////////////////////////////////////////////////////////
.................... ////        (C) Copyright 1996,2012 Custom Computer Services           ////
.................... //// This source code may only be used by licensed users of the CCS C  ////
.................... //// compiler.  This source code may only be distributed to other      ////
.................... //// licensed users of the CCS C compiler.  No other use, reproduction ////
.................... //// or distribution is permitted without written permission.          ////
.................... //// Derivative programs created using this software in object code    ////
.................... //// form are not restricted in any way.                               ////
.................... ///////////////////////////////////////////////////////////////////////////
.................... 
.................... #ifndef __STDBOOL_H__
.................... #define __STDBOOL_H__
.................... 
.................... #if !getenv("CASE")
....................    // remove TRUE and FALSE added by CCS's device .h file, only if
....................    // compiler has case sensitivty off.
.................... 
....................    #if defined(TRUE)
....................       #undef TRUE
....................    #endif
....................    
....................    #if defined(FALSE)
....................       #undef FALSE
....................    #endif
.................... #endif
.................... 
.................... typedef int1   bool;
.................... #define true   1
.................... #define false  0
.................... #define __bool_true_false_are_defined  1
.................... 
.................... #endif
.................... 
.................... unsigned int8 n=0, count = 0;
.................... // Tao bien che do dieu khien KED va bien bao da full LED
.................... // mode == false thi la manua, mode == true la auto chay LED voi 1 lan nhan
.................... // Bien full de bao trang thai 16 LED dau tien
.................... bool mode = false, full = false; 
.................... 
.................... void modes()
.................... {
....................    if (inputcd (CLR) == 0) //Neu nhan CLR
*
006A2:  MOVLW  7C
006A4:  MOVWF  25
006A6:  MOVLW  0E
006A8:  MOVWF  24
006AA:  RCALL  03BE
006AC:  MOVF   01,F
006AE:  BNZ   0718
....................    // Nhat CLR la clear het den voi tra cac gia tri ve mac dinh
....................    {
....................       led32.ledx16[0] = 0; //Tat het LED
006B0:  CLRF   09
006B2:  CLRF   08
....................       led32_display();
006B4:  RCALL  0088
....................       count = 0; full = false; // Tra ve gia tri mac dinh
006B6:  CLRF   22
006B8:  BCF    23.1
....................       
....................       //Doi them 1s, neu du dieu kien thi qua che do moi
....................       delay_ms(1000); 
006BA:  MOVLW  04
006BC:  MOVWF  24
006BE:  MOVLW  FA
006C0:  MOVWF  26
006C2:  RCALL  0004
006C4:  DECFSZ 24,F
006C6:  BRA    06BE
....................       if (inputcd (CLR) == 0) //Sau 1s ma van con nhan
006C8:  MOVLW  7C
006CA:  MOVWF  25
006CC:  MOVLW  0E
006CE:  MOVWF  24
006D0:  RCALL  03BE
006D2:  MOVF   01,F
006D4:  BNZ   0718
....................       {
....................          mode = ~mode; //Thi chuyen sang che do khac (nguoc lai so voi hien tai)
006D6:  BTG    23.0
....................          // Neu mode = true thi chuyen sang che do auto chay LED
....................          if (mode==1) //Neu mode == true thi nhap nhay 5 lan, de bao kich hoat che do auto
006D8:  BTFSS  23.0
006DA:  BRA    06FE
....................          {
....................             for (n =0 ; n <10; n++)
006DC:  CLRF   21
006DE:  MOVF   21,W
006E0:  SUBLW  09
006E2:  BNC   06FC
....................             {
....................                led32.ledx16[0] = ~led32.ledx16[0];
006E4:  COMF   08,F
006E6:  COMF   09,F
....................                led32_display();
006E8:  RCALL  0088
....................                delay_ms (500);
006EA:  MOVLW  02
006EC:  MOVWF  24
006EE:  MOVLW  FA
006F0:  MOVWF  26
006F2:  RCALL  0004
006F4:  DECFSZ 24,F
006F6:  BRA    06EE
006F8:  INCF   21,F
006FA:  BRA    06DE
....................             }
....................          }
006FC:  BRA    0718
....................          // Neu van la false thi van o che do manual, thi sang lien tuc 3s
....................          else
....................          {
....................                led32.ledx16[0] = 0xffff;
006FE:  SETF   09
00700:  SETF   08
....................                led32_display();
00702:  RCALL  0088
....................                delay_ms (300);
00704:  MOVLW  02
00706:  MOVWF  24
00708:  MOVLW  96
0070A:  MOVWF  26
0070C:  RCALL  0004
0070E:  DECFSZ 24,F
00710:  BRA    0708
....................                led32.ledx16[0] = 0;
00712:  CLRF   09
00714:  CLRF   08
....................                led32_display();
00716:  RCALL  0088
....................          }
....................       }
....................       //Neu sau 1s ma khong con nhan thi coi nhu khong doi che do, van la che do cu
....................       else
....................       {
....................          mode = mode; //Van la che do cu
....................       }
....................    }
00718:  GOTO   0786 (RETURN)
.................... }
.................... 
.................... //Function dung de bat LED tu phai sang trai, co ho cho 2 che do
.................... void on_PST ()
.................... {
....................       //Bat tung LED moi lan nhan
....................       if((inputcd (UP) == 0) && mode==false)
*
00574:  MOVLW  7C
00576:  MOVWF  25
00578:  MOVLW  0C
0057A:  MOVWF  24
0057C:  RCALL  03BE
0057E:  MOVF   01,F
00580:  BNZ   05BA
00582:  BTFSC  23.0
00584:  BRA    05BA
....................       {
....................          led32.ledx16[0] = ~(0xffff  << count);
00586:  SETF   03
00588:  SETF   02
0058A:  MOVF   22,W
0058C:  MOVWF  00
0058E:  BZ    059A
00590:  BCF    FD8.0
00592:  RLCF   02,F
00594:  RLCF   03,F
00596:  DECFSZ 00,F
00598:  BRA    0590
0059A:  MOVF   02,W
0059C:  XORLW  FF
0059E:  MOVWF  08
005A0:  MOVLW  FF
005A2:  XORWF  03,W
005A4:  MOVWF  09
....................          led32_display();
005A6:  RCALL  0088
....................          delay_ms(100);
005A8:  MOVLW  64
005AA:  MOVWF  26
005AC:  RCALL  0004
....................          count ++;
005AE:  INCF   22,F
....................          if (count == 16)
005B0:  MOVF   22,W
005B2:  SUBLW  10
005B4:  BNZ   05BA
....................          {
....................             count = 16;
005B6:  MOVLW  10
005B8:  MOVWF  22
....................          }
....................       }
....................       //Bat lien tiep cac LED chi 1 lan nhan
....................       if((inputcd (UP) == 0) && mode==true && full==false)
005BA:  MOVLW  7C
005BC:  MOVWF  25
005BE:  MOVLW  0C
005C0:  MOVWF  24
005C2:  RCALL  03BE
005C4:  MOVF   01,F
005C6:  BNZ   060C
005C8:  BTFSS  23.0
005CA:  BRA    060C
005CC:  BTFSC  23.1
005CE:  BRA    060C
....................       {
....................          for (n = 0; n <=16; n++)
005D0:  CLRF   21
005D2:  MOVF   21,W
005D4:  SUBLW  10
005D6:  BNC   060C
....................          {
....................             led32.ledx16[0] = ~(0xffff  << n);
005D8:  SETF   03
005DA:  SETF   02
005DC:  MOVF   21,W
005DE:  MOVWF  00
005E0:  BZ    05EC
005E2:  BCF    FD8.0
005E4:  RLCF   02,F
005E6:  RLCF   03,F
005E8:  DECFSZ 00,F
005EA:  BRA    05E2
005EC:  MOVF   02,W
005EE:  XORLW  FF
005F0:  MOVWF  08
005F2:  MOVLW  FF
005F4:  XORWF  03,W
005F6:  MOVWF  09
....................             led32_display();
005F8:  RCALL  0088
....................             delay_ms(100);
005FA:  MOVLW  64
005FC:  MOVWF  26
005FE:  RCALL  0004
....................             if (n==16)
00600:  MOVF   21,W
00602:  SUBLW  10
00604:  BNZ   0608
....................             {
....................                full = true;
00606:  BSF    23.1
....................             }
00608:  INCF   21,F
0060A:  BRA    05D2
....................          }
....................       }
0060C:  GOTO   0782 (RETURN)
.................... }
.................... 
.................... //Function dung de tat LED tu phai sang trai, co ho cho 2 che do
.................... void off_TSP ()
.................... {  
....................       //Che do tat tung LED cho moi lan nhan
....................       if((inputcd (DW) == 0) && count > 0 && mode==false)
00610:  MOVLW  7C
00612:  MOVWF  25
00614:  MOVLW  0D
00616:  MOVWF  24
00618:  RCALL  03BE
0061A:  MOVF   01,F
0061C:  BNZ   0658
0061E:  MOVF   22,F
00620:  BZ    0658
00622:  BTFSC  23.0
00624:  BRA    0658
....................       {
....................          count = count - 1;
00626:  MOVLW  01
00628:  SUBWF  22,F
....................          led32.ledx16[0] = ~(0xffff << (count));
0062A:  SETF   03
0062C:  SETF   02
0062E:  MOVF   22,W
00630:  MOVWF  00
00632:  BZ    063E
00634:  BCF    FD8.0
00636:  RLCF   02,F
00638:  RLCF   03,F
0063A:  DECFSZ 00,F
0063C:  BRA    0634
0063E:  MOVF   02,W
00640:  XORLW  FF
00642:  MOVWF  08
00644:  MOVLW  FF
00646:  XORWF  03,W
00648:  MOVWF  09
....................          led32_display();
0064A:  RCALL  0088
....................          delay_ms(100);
0064C:  MOVLW  64
0064E:  MOVWF  26
00650:  RCALL  0004
....................          if (count == 0)
00652:  MOVF   22,F
00654:  BNZ   0658
....................          {
....................             count = 0;
00656:  CLRF   22
....................          }
....................       }
....................       
....................       //Tat lien tiep chi 1 lan nhan
....................       if((inputcd (DW) == 0) && mode==true && full==true)
00658:  MOVLW  7C
0065A:  MOVWF  25
0065C:  MOVLW  0D
0065E:  MOVWF  24
00660:  RCALL  03BE
00662:  MOVF   01,F
00664:  BNZ   069E
00666:  BTFSS  23.0
00668:  BRA    069E
0066A:  BTFSS  23.1
0066C:  BRA    069E
....................       {
....................          for (n = 0; n <=16; n++)
0066E:  CLRF   21
00670:  MOVF   21,W
00672:  SUBLW  10
00674:  BNC   069E
....................          {
....................             led32.ledx16[0] = (0xffff >> n);
00676:  SETF   09
00678:  SETF   08
0067A:  MOVF   21,W
0067C:  MOVWF  00
0067E:  BZ    068A
00680:  BCF    FD8.0
00682:  RRCF   09,F
00684:  RRCF   08,F
00686:  DECFSZ 00,F
00688:  BRA    0680
....................             led32_display();
0068A:  RCALL  0088
....................             delay_ms(100);
0068C:  MOVLW  64
0068E:  MOVWF  26
00690:  RCALL  0004
....................             if (n==16)
00692:  MOVF   21,W
00694:  SUBLW  10
00696:  BNZ   069A
....................             {
....................                full = false;
00698:  BCF    23.1
....................             }
0069A:  INCF   21,F
0069C:  BRA    0670
....................          }
....................       }
0069E:  GOTO   0784 (RETURN)
.................... }
.................... 
.................... void main ()
*
0071C:  CLRF   FF8
0071E:  BCF    FD0.7
00720:  BCF    F63.5
00722:  MOVLW  00
00724:  MOVWF  F64
00726:  MOVLW  20
00728:  MOVWF  F63
0072A:  BCF    F95.4
0072C:  BSF    F95.5
0072E:  BCF    F95.6
00730:  CLRF   21
00732:  CLRF   22
00734:  BCF    23.0
00736:  BCF    23.1
00738:  MOVF   FC1,W
0073A:  ANDLW  C0
0073C:  IORLW  0F
0073E:  MOVWF  FC1
00740:  MOVLW  07
00742:  MOVWF  FB4
00744:  SETF   0C
00746:  SETF   0D
00748:  SETF   0E
0074A:  SETF   0F
0074C:  SETF   10
0074E:  SETF   11
00750:  SETF   12
00752:  SETF   13
00754:  SETF   14
00756:  SETF   15
00758:  SETF   16
0075A:  SETF   17
0075C:  SETF   18
0075E:  SETF   19
00760:  SETF   1A
00762:  SETF   1B
00764:  SETF   1C
00766:  SETF   1D
00768:  CLRF   1E
0076A:  CLRF   1F
0076C:  CLRF   20
.................... {
....................       system_init();  // Bien dich thanh cong - Go 2-3 chu dau - roi nhan Ctr + Khoang trang
0076E:  BRA    019E
....................       led32.ledx16[0] = 0;
00770:  CLRF   09
00772:  CLRF   08
....................       while (true)
....................       {
....................          if (0 <= count <=16) 
00774:  BRA    077A
00776:  MOVLW  00
00778:  BRA    077C
0077A:  MOVLW  01
0077C:  SUBLW  10
0077E:  BNC   0786
....................          {
....................             on_PST (); //Function dung de bat LED tu phai sang trai, co ho cho 2 che do
00780:  BRA    0574
....................             off_TSP (); //Function dung de tat LED tu phai sang trai, co ho cho 2 che do
00782:  BRA    0610
....................             modes (); //Lua chon che do
00784:  BRA    06A2
....................           }
00786:  BRA    0774
.................... //!          else if (count > 16)
.................... //!          {
.................... //!            count=16;
.................... //!          }
....................       }
.................... }
.................... 
00788:  SLEEP 
.................... 

Configuration Fuses:
   Word  1: C200   HS FCMEN IESO
   Word  2: 1E1E   PUT BROWNOUT BORV21 NOWDT WDT32768
   Word  3: 85F3   CCP2C1 LPT1OSC MCLR
   Word  4: 00B1   STVREN NOLVP NOXINST NODEBUG
   Word  5: C0FF   NOPROTECT NOCPB NOCPD
   Word  6: E0FF   NOWRT NOWRTC NOWRTB NOWRTD
   Word  7: 40FF   NOEBTR NOEBTRB
